Date,pct_dose_1_cumulative,pct_dose_2_cumulative,pct_dose_3_cumulative,pct_dose_1,pct_dose_2,pct_dose_3
2020-12-13,NA,NA,NA,0,0,0
2020-12-15,0,0,0,0,0,0
2020-12-16,0,0,0,0,0,0
2020-12-17,9.659020738611394e-4,0,0,9.659020738611394e-4,0,0
2020-12-18,9.698448835121864e-4,0,0,3.942809651046996e-6,0,0
2020-12-19,9.73772386495973e-4,0,0,3.9275029837865976e-6,0,0
2020-12-20,0.0019547695836200137,0,0,9.809971971240408e-4,0,0
2020-12-21,0.001954183641083902,0,0,0,0,0
2020-12-22,0.0029256728790030074,0,0,9.714892379191053e-4,0,0
2020-12-23,0.0039015825903360598,0,0,9.759097113330524e-4,0,0
2020-12-24,0.0039001661048000827,0,0,0,0,0
2020-12-25,0.0039013254793005565,0,0,1.1593745004737435e-6,0,0
2020-12-26,0.0038983389059194483,0,0,0,0,0
2020-12-27,0.0038964530608286644,0,0,0,0,0
2020-12-28,0.004866741853520998,0,0,9.702887926923334e-4,0,0
2020-12-29,0.005842533017793325,0,0,9.757911642723277e-4,0,0
2020-12-30,0.0077962736628470084,0,0,0.001953740645053683,0,0
2020-12-31,0.007802845876102693,0,0,6.5722132556846405e-6,0,0
2021-01-01,0.007813156383677234,0,0,1.0310507574540911e-5,0,0
2021-01-02,0.008792101703507896,0,0,9.789453198306621e-4,0,0
2021-01-03,0.008789226480387137,0,0,0,0,0
2021-01-04,0.009776853879341295,0,0,9.876273989541575e-4,0,0
2021-01-05,0.01076341975434185,0,0,9.865658750005547e-4,0,0
2021-01-06,0.011767593050450846,0,0,0.0010041732961089973,0,0
2021-01-07,0.01374987727214404,9.810634348796988e-4,0,0.001982284221693194,9.810634348796988e-4,0
2021-01-08,0.014741856188354252,9.835784451067233e-4,0,9.919789162102111e-4,2.5150102270245483e-6,0
2021-01-09,0.015735533749728723,9.853592141241068e-4,0,9.936775613744713e-4,1.7807690173834642e-6,0
2021-01-10,0.015739115028990253,9.857354416800996e-4,0,3.5812792615295963e-6,3.7622755599277767e-7,0
2021-01-11,0.016739504866007233,0.0019688184187471062,0,0.0010003898370169809,9.830829770670067e-4,0
2021-01-12,0.017752815263916432,0.0019642300559063342,0,0.0010133103979091986,0,0
2021-01-13,0.01975239383929668,0.002945484227826902,0,0.0019995785753802488,9.812541719205676e-4,0
2021-01-14,0.020774272757046262,0.0029454125082901245,0,0.0010218789177495816,0,0
2021-01-15,0.02277528232828208,0.002947845428153042,0,0.002001009571235817,2.4329198629173023e-6,0
2021-01-16,0.022781390631188187,0.0029482009790284683,0,6.108302906107643e-6,3.5555087542649827e-7,0
2021-01-17,0.023763933309753463,0.0029483395089513506,0,9.825426785652763e-4,1.3852992288227242e-7,0
2021-01-18,0.02377330888134905,0.0039231932905759255,0,9.375571595585802e-6,9.748537816245749e-4,0
2021-01-19,0.024776535669877232,0.003913226443573639,0,0.0010032267885281831,0,0
2021-01-20,0.02677484958287119,0.004878297181983794,0,0.0019983139129939563,9.650707384101544e-4,0
2021-01-21,0.027773838596614184,0.004880656149189672,0,9.98989013742995e-4,2.3589672058779362e-6,0
2021-01-22,0.02879310705277794,0.004891697524149939,0,0.0010192684561637563,1.1041374960267525e-5,0
2021-01-23,0.029787727538903384,0.005870477636866865,0,9.946204861254436e-4,9.787801127169255e-4,0
2021-01-24,0.030778827909322397,0.005870298832969039,0,9.911003704190131e-4,0,0
2021-01-25,0.030784078705735348,0.006858449539118739,0,5.2507964129512585e-6,9.881507061497005e-4,0
2021-01-26,0.03177383598949684,0.006870874328495864,0,9.897572837614908e-4,1.2424789377124892e-5,0
2021-01-27,0.032762250911144736,0.00786482832937891,0,9.884149216478968e-4,9.939540008830463e-4,0
2021-01-28,0.03472732831222847,0.008858831464173713,0,0.0019650774010837313,9.940031347948023e-4,0
2021-01-29,0.03571191593749357,0.009856975817337923,0,9.845876252651056e-4,9.981443531642108e-4,0
2021-01-30,0.03570174202493515,0.009865737448297912,0,0,8.761630959988609e-6,0
2021-01-31,0.0366775131888292,0.009867296594106453,0,9.757711638940444e-4,1.559145808540524e-6,0
2021-02-01,0.0366976154156977,0.01089284961391426,0,2.0102226868504158e-5,0.0010255530198078067,0
2021-02-02,0.03770058399190882,0.011916916272196557,0,0.0010029685762111204,0.0010240666582822973,0
2021-02-03,0.03867293476323844,0.012920408634600642,0,9.723507713296151e-4,0.0010034923624040858,0
2021-02-04,0.0396451821431537,0.0139294480324609,0,9.722473799152614e-4,0.0010090393978602584,0
2021-02-05,0.040619939675676474,0.015933703770888596,0,9.747575325227756e-4,0.0020042557384276957,0
2021-02-06,0.04160168864619092,0.01694179614733633,0,9.817489705144442e-4,0.0010080923764477327,0
2021-02-07,0.04159581947999801,0.016938632954719705,0,0,0,0
2021-02-08,0.042578074051279106,0.017938452456786567,0,9.822545712810937e-4,9.998195020668628e-4,0
2021-02-09,0.04355369622583586,0.018950839745673107,0,9.756221745567534e-4,0.0010123872888865397,0
2021-02-10,0.04452668686695763,0.019957489164774828,0,9.729906411217668e-4,0.0010066494191017204,0
2021-02-11,0.04548846604413224,0.020951923887399596,0,9.617791771746112e-4,9.94434722624768e-4,0
2021-02-12,0.04645188496153786,0.02295164213338606,0,9.634189174056243e-4,0.001999718245986465,0
2021-02-13,0.04742428946535823,0.022953765597127602,0,9.724045038203705e-4,2.1234637415414037e-6,0
2021-02-14,0.047410984964767984,0.022941739785001893,0,0,0,0
2021-02-15,0.04838326772171205,0.023937576679962828,0,9.722827569440678e-4,9.958368949609352e-4,0
2021-02-16,0.04835276387197809,0.02490436479748859,0,0,9.667881175257631e-4,0
2021-02-17,0.049299968172455806,0.025866818648680484,0,9.472043004777192e-4,9.624538511918933e-4,0
2021-02-18,0.050261013342890175,0.02683136322140842,0,9.610451704343687e-4,9.645445727279357e-4,0
2021-02-19,0.05122131963855385,0.027809715269328694,0,9.603062956636751e-4,9.783520479202737e-4,0
2021-02-20,0.05120958011457605,0.027799495510056834,0,0,0,0
2021-02-21,0.051202734425277126,0.028785292773903737,0,0,9.857972638469027e-4,0
2021-02-22,0.0521817047361885,0.028802469200981486,0,9.789703109113757e-4,1.7176427077748857e-5,0
2021-02-23,0.053147576170277495,0.02980387889612571,0,9.65871434088994e-4,0.0010014096951442251,0
2021-02-24,0.054115128469094304,0.030801179074149313,0,9.675522988168081e-4,9.973001780236024e-4,0
2021-02-25,0.05506484359559289,0.03178284423025289,0,9.497151264985862e-4,9.816651561035776e-4,0
2021-02-26,0.05700177324789933,0.03276491487465621,0,0.001936929652306442,9.82070644403317e-4,0
2021-02-27,0.05796102264128257,0.03375910279867853,0,9.59249393383238e-4,9.941879240223245e-4,0
2021-02-28,0.058924654669022726,0.03375171472625283,0,9.636320277401564e-4,0,0
2021-03-01,0.05990428822171472,0.03475296710758189,0,9.79633552691997e-4,0.0010012523813290597,0
2021-03-02,0.061858695376070146,0.03476672357485078,0,0.0019544071543554226,1.3756467268886963e-5,0
2021-03-03,0.06381224761744358,0.035753594581105136,0,0.0019535522413734394,9.868710062543584e-4,0
2021-03-04,0.06575285972041137,0.03672734587916507,0,0.0019406121029677814,9.737512980599328e-4,0
2021-03-05,0.06869032102112681,0.03769397809240841,0,0.002937461300715441,9.666322132433416e-4,0
2021-03-06,0.07063729167613259,0.03866461735230969,0,0.001946970655005778,9.706392599012764e-4,0
2021-03-07,0.07160368731021652,0.03963658492596682,0,9.66395634083933e-4,9.719675736571329e-4,0
2021-03-08,0.0735826566356021,0.039617361086732,0,0.0019789693253855767,0,0
2021-03-09,0.07654363550983494,0.04058332947312567,0,0.002960978874232842,9.659683863936716e-4,0
2021-03-10,0.07951195305409926,0.041550901916594635,0,0.002968317544264326,9.675724434689628e-4,0
2021-03-11,0.08346699108014742,0.043508578177644384,0,0.003955038026048158,0.0019576762610497497,0
2021-03-12,0.08644601006719017,0.04447696594693166,0,0.002979018987042753,9.683877692872739e-4,0
2021-03-13,0.089388771712655593,0.04543997416626147,0,0.0029427616454654193,9.630082193298126e-4,0
2021-03-14,0.09036357666438753,0.04641160356658691,0,9.74804951731939e-4,9.716294003254411e-4,0
2021-03-15,0.0933405476538412,0.04738969228003877,0,0.0029769709894536672,9.78088713451855e-4,0
2021-03-16,0.09728975129520763,0.04835286709991251,0,0.0039492036413664305,9.631748198737425e-4,0
2021-03-17,0.10122522475929384,0.04930381613445609,0,0.003935473464086209,9.509490345435828e-4,0
2021-03-18,0.10514415293413719,0.0502631404862035,0,0.00391892817484335,9.593243517474065e-4,0
2021-03-19,0.11006077037062185,0.051233214378622056,0,0.004916617436484666,9.700738924185576e-4,0
2021-03-20,0.11297806251343276,0.052201860850613596,0,0.002917292142810904,9.686464719915397e-4,0
2021-03-21,0.11492321877135368,0.05317587350591166,0,0.0019451562579209242,9.740126552980621e-4,0
2021-03-22,0.11888035343074131,0.05415499808183891,0,0.003957134659387629,9.791245759272552e-4,0
2021-03-23,0.12283161742696495,0.0551299725390023,0,0.003951263996223642,9.74974457163387e-4,0
2021-03-24,0.12874892967392823,0.05609639587201328,0,0.005917312246963277,9.664233330109809e-4,0
2021-03-25,0.13368272898929473,0.05802796442993998,0,0.004933799315366499,0.0019315685579266995,0
2021-03-26,0.13960455021470916,0.06094248189853666,0,0.005921821225414431,0.0029145174685966807,0
2021-03-27,0.14351645063795113,0.06189381850441814,0,0.003911900423241965,9.513366058814809e-4,0
2021-03-28,0.14546783951296335,0.06285565579973333,0,0.0019513888750122277,9.618372953151891e-4,0
2021-03-29,0.1504076176819232,0.0648172574949143,0,0.004939778168959852,0.0019616016951809617,0
2021-03-30,0.15631526338882304,0.06678296909986042,0,0.005907645706899833,0.00196571160494613,0
2021-03-31,0.16415643575750297,0.06971281791496424,0,0.007841172368679927,0.0029298488151038166,0
2021-04-01,0.17200523387712593,0.07267217954866947,0,0.007848798119622968,0.0029593616337052348,0
2021-04-02,0.17888769836063587,0.07561160053926994,0,0.006882464483509931,0.002939420990600461,0
2021-04-03,0.18375568497220465,0.07853666239747786,0,0.004867986611568786,0.002925061858207928,0
2021-04-04,0.18472323520941736,0.07950810735487483,0,9.675502372127054e-4,9.714449573969691e-4,0
2021-04-05,0.19158176252663442,0.08148101232193898,0,0.006858527317217061,0.0019729049670641485,0
2021-04-06,0.20039823514817595,0.0864044091663545,0,0.008816472621541532,0.00492339684441552,0
2021-04-07,0.21116392120009259,0.09130041897949835,0,0.010765686051916634,0.004896009813143851,0
2021-04-08,0.22186865017958818,0.09715914502516705,0,0.010704728979495592,0.0058587260456687,0
2021-04-09,0.2335707479173377,0.10302740937496187,0,0.011702097737749523,0.005868264349794816,0
2021-04-10,0.2403786495762227,0.10692238462504691,0,0.006807901658885007,0.003894975250085045,0
2021-04-11,0.2442485597863818,0.10983968472082863,0,0.0038699102101590888,0.0029173000957817136,0
2021-04-12,0.25203949811921567,0.11378059210819344,0,0.007790938332833869,0.003940907387364814,0
2021-04-13,0.25982040979486026,0.11675562025447413,0,0.007780911675644597,0.0029750281462806866,0
2021-04-14,0.2685668171900417,0.12168412197113836,0,0.008746407395181455,0.00492850171666423,0
2021-04-15,0.27632210452028666,0.12560831978270529,0,0.007755287330244942,0.003924197811566929,0
2021-04-16,0.2840846366676035,0.1305198041342881,0,0.007762532147316814,0.004911484351582812,0
2021-04-17,0.2898893787201385,0.13244542282540295,0,0.005804742052535006,0.0019256186911148498,0
2021-04-18,0.29277708939522873,0.13438690065678485,0,0.0028877106750902493,0.0019414778313819048,0
2021-04-19,0.29760883702557156,0.13834397002166224,0,0.004831747630342831,0.003957069364877386,0
2021-04-20,0.30435318989355203,0.1432761719114078,0,0.006744352867980474,0.004932201889745552,0
2021-04-21,0.31108523647173625,0.14820059455213794,0,0.006732046578184214,0.004924422640730147,0
2021-04-22,0.317807400519297,0.1550778981644275,0,0.006722164047560764,0.006877303612289554,0
2021-04-23,0.32358431770250184,0.15999026545449832,0,0.005776917183204833,0.004912367290070829,0
2021-04-24,0.3283909291157128,0.16388195291231217,0,0.004806611413210982,0.003891687457813847,0
2021-04-25,0.33030417660741557,0.16483754633902595,0,0.0019132474917027409,9.5559342671378e-4,0
2021-04-26,0.33513331142626435,0.16975223717332877,0,0.004829134818848779,0.004914690834302821,0
2021-04-27,0.33992476913905967,0.1766101249639921,0,0.004791457712795322,0.0068578877906633195,0
2021-04-28,0.3457148280161685,0.1834726621654079,0,0.005790058877108817,0.006862537201415803,0
2021-04-29,0.3505101061268382,0.19130056194641415,0,0.0047952781106697095,0.007827899781006259,0
2021-04-30,0.35532950549702824,0.19818032457477425,0,0.004819399370190047,0.006879762628360098,0
2021-05-01,0.3591996242035997,0.2030759812231426,0,0.003870118706571446,0.004895656648368357,0
2021-05-02,0.36016678622959314,0.20598025750875798,0,9.67162025993451e-4,0.002904276285615376,0
2021-05-03,0.3630807923292734,0.21186475035253935,0,0.0029140060996802886,0.005884492843781369,0
2021-05-04,0.366937616216367,0.21966733700578397,0,0.0038568238870935745,0.007802586653244625,0
2021-05-05,0.37079205631133066,0.22747644019713611,0,0.0038544400949636626,0.00780910319135214,0
2021-05-06,0.37465783802370045,0.23526706233832195,0,0.003865781712369787,0.007790622141185838,0
2021-05-07,0.3785313716320455,0.2430785424233284,0,0.0038735336083450256,0.007811480085006456,0
2021-05-08,0.38047175061508465,0.2479196910569854,0,0.0019403789830391704,0.0048411486336569776,0
2021-05-09,0.3824304999025788,0.2498424616961694,0,0.001958749287494177,0.0019227706391840016,0
2021-05-10,0.384381526734376,0.2556862418763533,0,0.0019510268317971535,0.005843780180183916,0
2021-05-11,0.3882659523930557,0.2624720810704421,0,0.0038844256586797465,0.006785839194088816,0
2021-05-12,0.3911737522870809,0.26925211978697516,0,0.002907799894025176,0.006780038716533043,0
2021-05-13,0.3940657703514775,0.2750410539233544,0,0.0028920180643965954,0.005788934136379209,0
2021-05-14,0.3979413811486514,0.2818234957924453,0,0.0038756107971739118,0.006782441869090938,0
2021-05-15,0.3998746778744993,0.2866492105203753,0,0.0019332967258479106,0.004825714727929975,0
2021-05-16,0.4018255737177739,0.28857109297082745,0,0.0019508958432745693,0.0019218824504521614,0
2021-05-17,0.40474875975271907,0.29341690753753236,0,0.00292318603494518,0.004845814566704909,0
2021-05-18,0.40861602787408474,0.2982221124407168,0,0.0038672681213656745,0.0048052049031844235,0
2021-05-19,0.41247533967419797,0.3040020741375593,0,0.00385931180011323,0.005779961696842528,0
2021-05-20,0.4163332529160254,0.3097769510534178,0,0.0038579132418274376,0.0057748769158584845,0
2021-05-21,0.41922934411433593,0.3145975125861516,0,0.002896091198310524,0.0048205615327338025,0
2021-05-22,0.42213802813951395,0.31845758740771113,0,0.002908684025178021,0.0038600748215595337,0
2021-05-23,0.4231202070492392,0.31941862903408186,0,9.821789097252398e-4,9.610416263707289e-4,0
2021-05-24,0.4260392353063582,0.32328985151597867,0,0.002919028257118983,0.0038712224818968077,0
2021-05-25,0.4299157287649679,0.3271431525833103,0,0.003876493458609742,0.003853301067331616,0
2021-05-26,0.4318463373529991,0.3310047400975494,0,0.0019306085880311796,0.0038615875142390954,0
2021-05-27,0.43474909127345784,0.33487241536541845,0,0.002902753920458745,0.003867675267869075,0
2021-05-28,0.4376725061504994,0.3377717862161162,0,0.0029234148770415636,0.0028993708506977467,0
2021-05-29,0.43864739789412865,0.33970867426207707,0,9.74891743629247e-4,0.0019368880459608717,0
2021-05-30,0.43963429974364016,0.3406922815896364,0,9.869018495115012e-4,9.836073275593105e-4,0
2021-05-31,0.4406090337788713,0.3416619834583757,0,9.747340352311284e-4,9.697018687392922e-4,0
2021-06-01,0.4425663164242718,0.34554140777252607,0,0.0019572826454005154,0.0038794243141503926,0
2021-06-02,0.4445146476070639,0.34844442430971817,0,0.0019483311827920846,0.0029030165371921046,0
2021-06-03,0.4464517097699846,0.35133155168600994,0,0.0019370621629207219,0.002887127376291765,0
2021-06-04,0.44937396452151374,0.35423466638516643,0,0.0029222547515291297,0.002903114699156495,0
2021-06-05,0.4503535398328732,0.35615599189037717,0,9.795753113594485e-4,0.0019213255052107359,0
2021-06-06,0.45134086121593914,0.35810332737117434,0,9.873213830659533e-4,0.0019473354807971743,0
2021-06-07,0.4523128152816379,0.36003602963830655,0,9.719540656987768e-4,0.0019327022671322136,0
2021-06-08,0.4542518663724839,0.3629212656311629,0,0.0019390510908459668,0.0028852359928563387,0
2021-06-09,0.45619820164650565,0.3658119665516115,0,0.001946335274021771,0.00289070092044863,0
2021-06-10,0.4581507114663337,0.3687131768998448,0,0.00195250981982803,0.002901210348233263,0
2021-06-11,0.46011073073083275,0.37163420812948433,0,0.001960019264499069,0.002921031229639548,0
2021-06-12,0.46109785090617855,0.37455023986375285,0,9.871201753458014e-4,0.0029160317342685205,0
2021-06-13,0.46208510192025687,0.375532237594502,0,9.872510140783164e-4,9.8199773074914e-4,0
2021-06-14,0.46307559289793104,0.3774906604776875,0,9.904909776741744e-4,0.0019584228831854844,0
2021-06-15,0.4650319411531543,0.38041108881037944,0,0.0019563482552232836,0.00292042833269196,0
2021-06-16,0.4669880602473956,0.38332693728316614,0,0.00195611909424126,0.0029158484727866973,0
2021-06-17,0.4679711680193087,0.3862530082780572,0,9.831077719131276e-4,0.0029260709948910613,0
2021-06-18,0.4699359444902981,0.3882146827320125,0,0.00196477647098936,0.0019616744539552866,0
2021-06-19,0.47092394208025323,0.3901709879855288,0,9.879975899551585e-4,0.0019563052535163106,0
2021-06-20,0.47191187992072764,0.3901831477494383,0,9.879378404744066e-4,1.2159763909502797e-5,0
2021-06-21,0.4729034732960021,0.3921432362460328,0,9.915933752744355e-4,0.0019600884965945142,0
2021-06-22,0.47486540753360984,0.39410161649773173,0,0.0019619342376077653,0.0019583802516989213,0
2021-06-23,0.47585279335955777,0.3960523241935675,0,9.873858259479285e-4,0.0019507076958357739,0
2021-06-24,0.4778185982327953,0.39800185655763703,0,0.0019658048732375533,0.0019495323640695283,0
2021-06-25,0.4788126677568426,0.3999656467568655,0,9.940695240472919e-4,0.001963790199228488,0
2021-06-26,0.47980507698907404,0.40094746551258587,0,9.924092322314282e-4,9.818187557203428e-4,0
2021-06-27,0.4807974331948998,0.4009585024638616,0,9.923562058257729e-4,1.1036951275744666e-5,0
2021-06-28,0.48179472773890564,0.4029182034361236,0,9.972945440058223e-4,0.001959700972262002,0
2021-06-29,0.4837594930021944,0.40389077616388164,0,0.001964765263288759,9.725727277580254e-4,0
2021-06-30,0.48475094747989644,0.4058457977832546,0,9.914544777020473e-4,0.001955021619372943,0
2021-07-01,0.48671345377295205,0.40780152783339274,0,0.0019625062930556103,0.0019557300501381603,0
2021-07-02,0.4877068150758147,0.4087848596849031,0,9.933613028626498e-4,9.833318515103384e-4,0
2021-07-03,0.4886984489765482,0.40976847295296026,0,9.916339007334796e-4,9.836132680571819e-4,0
2021-07-04,0.4887019540053752,0.40976994947738077,0,3.505028827011092e-6,1.4765244205072747e-6,0
2021-07-05,0.4897003956723431,0.4107580308171728,0,9.984416669678864e-4,9.880813397920574e-4,0
2021-07-06,0.49068978561575144,0.4117368263081751,0,9.893899434083586e-4,9.787954910022711e-4,0
2021-07-07,0.49265569120348734,0.41369038174842704,0,0.0019659055877359055,0.0019535554402519417,0
2021-07-08,0.49363224944075557,0.4146688355913157,0,9.765582372682213e-4,9.78453842888638e-4,0
2021-07-09,0.4956046580372642,0.4166393398471832,0,0.001972408596508657,0.0019705042558675334,0
2021-07-10,0.4965976167486991,0.4176244578920709,0,9.929587114348992e-4,9.851180448877117e-4,0
2021-07-11,0.4966137492249415,0.4176346570760804,0,1.61324762423809e-5,1.0199184009462847e-5,0
2021-07-12,0.49858634027675136,0.41959832039821654,0,0.0019725910518098577,0.0019636633221361555,0
2021-07-13,0.49958169586864587,0.42058369209358426,0,9.95355591894509e-4,9.853716953677205e-4,0
2021-07-14,0.5005762415428822,0.4215668412857982,0,9.945456742362913e-4,9.83149192213928e-4,0
2021-07-15,0.502556673183058,0.4235291099949658,0,0.001980431640175806,0.0019622687091676028,0
2021-07-16,0.5035718987902069,0.42452484729715456,0,0.0010152256071489507,9.957373021887705e-4,0
2021-07-17,0.5045775918126296,0.4255145721868625,0,0.0010056930224227045,9.897248897079436e-4,0
2021-07-18,0.5055763403840255,0.42552748749690034,0,9.987485713959243e-4,1.2915310037830974e-5,0
2021-07-19,0.507571270195034,0.4274965048683139,0,0.0019949298110084612,0.001969017371413584,0
2021-07-20,0.5085881429568064,0.42848054820243925,0,0.001016872761772425,9.840433341253285e-4,0
2021-07-21,0.5105876506828859,0.42946728681447194,0,0.001999507726079486,9.867386120326893e-4,0
2021-07-22,0.5125970920231601,0.43045450441136074,0,0.002009441340274143,9.872175968888008e-4,0
2021-07-23,0.5146298282672014,0.4324290226924179,0,0.002032736244041322,0.001974518281057158,0
2021-07-24,0.5156652479661503,0.4324439142333821,0,0.0010354196989489362,1.4891540964179217e-5,0
2021-07-25,0.5166882744798719,0.43342889964416437,0,0.0010230265137215477,9.849854107822908e-4,0
2021-07-26,0.5187176127544788,0.43442616665138856,0,0.00202933827460694,9.972670072241896e-4,0
2021-07-27,0.5207515276119882,0.4354173389867467,0,0.002033914857509367,9.911723353581703e-4,0
2021-07-28,0.5227845371440251,0.43640623702888504,0,0.002033009532036889,9.888980421383087e-4,0
2021-07-29,0.5248190392613229,0.43836662447103397,0,0.0020345021172978317,0.0019603874421489365,0
2021-07-30,0.5278493015578497,0.43936621768603346,0,0.003030262296526809,9.995932149994835e-4,0
2021-07-31,0.5288975340104811,0.44035942575092574,0,0.0010482324526314146,9.932080648922814e-4,0
2021-08-01,0.529926990453804,0.440373122825741,0,0.0010294564433228626,1.3697074815244292e-5,0
2021-08-02,0.5329448812937787,0.4413673664970327,0,0.003017890839974724,9.942436712916947e-4,0
2021-08-03,0.5349814483544795,0.4433343364813962,0,0.002036567060700767,0.0019669699843635202,0
2021-08-04,0.5370210656433709,0.44432551919700375,0,0.00203961728889146,9.911827156075526e-4,0
2021-08-05,0.5400406136539418,0.44531886635944634,0,0.003019548010570916,9.933471624425927e-4,0
2021-08-06,0.5420990559135737,0.4463256096455093,0,0.0020584422596318097,0.0010067432860629832,0
2021-08-07,0.5441258246280791,0.4473247847020488,0,0.002026768714505467,9.991750565394586e-4,0
2021-08-08,0.5451534493468484,0.4483199349974738,0,0.001027624718769271,9.95150295425018e-4,0
2021-08-09,0.5471789728220675,0.4493235328447434,0,0.0020255234752191154,0.0010035978472696105,0
2021-08-10,0.5492141896179554,0.45032523284570025,0,0.0020352167958879175,0.00100170000095684,0
2021-08-11,0.5522189590680832,0.4523060597361343,0,0.003004769450127731,0.001980826890434051,0
2021-08-12,0.554239575422097,0.45331572866915953,0,0.002020616354013849,0.0010096689330252318,0
2021-08-13,0.5562827834472036,0.4553262215249998,3.8453834267967676e-5,0.002043208025106602,0.0020104928558402624,3.8453834267967676e-5
2021-08-14,0.5583050971095852,0.4563455919316852,1.3861943147728143e-4,0.002022313662381592,0.001019370406685427,1.0016559720931375e-4
2021-08-15,0.5593272916520575,0.45637984914926344,2.3033471113864673e-4,0.0010221945424723211,3.4257217578215204e-5,9.17152796613653e-5
2021-08-16,0.5613449590383897,0.4583807772117329,4.54846148298341e-4,0.0020176673863321337,0.002000928062469487,2.245114371596943e-4
2021-08-17,0.5633630845879883,0.4594035537348244,7.341365630639415e-4,0.0020181255495986816,0.001022776523091462,2.792904147656005e-4
2021-08-18,0.5653820977462374,0.4614079872817796,0.0010652633636769055,0.002019013158249039,0.002004433546955231,3.31126800612964e-4
2021-08-19,0.5683817053425686,0.4624381509800356,0.0013878320957179313,0.002999607596331222,0.0010301636982559814,3.2256873204102574e-4
2021-08-20,0.5704176513091561,0.4644742821532009,0.0017330273066412415,0.0020359459665875157,0.002036131173165312,3.4519521092331025e-4
2021-08-21,0.5714495360223812,0.4655111449588747,0.0019069755291692353,0.0010318847132251285,0.0010368628056737772,1.739482225279938e-4
2021-08-22,0.5724685303210513,0.4665318210061944,0.0019990862628231003,0.0010189942986700284,0.0010206760473197019,9.211073365386494e-5
2021-08-23,0.5744705367576582,0.46854611820133146,0.0022772977570915337,0.0020020064366069734,0.0020142971951370714,2.7821149426843347e-4
2021-08-24,0.5764686879612536,0.46957749832094886,0.002558253291152485,0.0019981512035953664,0.0010313801196173977,2.809555340609511e-4
2021-08-25,0.5784756490398199,0.47159267489315115,0.0028530036622688754,0.0020069610785662384,0.002015176572202293,2.9475037111639053e-4
2021-08-26,0.581464566223169,0.4736087537611933,0.0031705292844683777,0.002988917183349149,0.0020160788680421704,3.1752562219950235e-4
2021-08-27,0.583487883534088,0.4756545720263189,0.0035338966287409217,0.0020233173109189817,0.002045818265125565,3.633673442725439e-4
2021-08-28,0.5854942833392585,0.47669995541836535,0.003716021746912958,0.002006399805170478,0.0010453833920464617,1.821251181720364e-4
2021-08-29,0.5855245950315949,0.47772173534090523,0.0038206703100652955,3.031169233647102e-5,0.0010217799225398783,1.0464856315233742e-4
2021-08-30,0.5885002606194538,0.4797353055197299,0.004109341161269373,0.002975665587858889,0.0020135701788246974,2.8867085120407726e-4
2021-08-31,0.5904957880501243,0.48076978019885896,0.004415117966392942,0.0019955274306704407,0.0010344746791290382,3.0577680512356917e-4
2021-09-01,0.5924889047524732,0.482779989044026,0.004756582754445854,0.0019931167023489182,0.0020102088451670608,3.414647880529125e-4
2021-09-02,0.5944848163806067,0.48478805130401975,0.005087402604824776,0.0019959116281335065,0.002008062259993726,3.3081985037892135e-4
2021-09-03,0.5964902429850264,0.4858345810253715,0.005422558271419903,0.0020054266044197133,0.0010465297213517744,3.3515566659512736e-4
2021-09-04,0.5975036557481886,0.4868624729655248,0.00555121619700345,0.001013412763162247,0.0010278919401532916,1.286579255835472e-4
2021-09-05,0.5985104201596939,0.48787813256015383,0.005635130015073329,0.0010067644115052676,0.0010156595946290148,8.39138180698789e-5
2021-09-06,0.5985113725789014,0.48886228351376815,0.005675070470217528,9.524192075005544e-7,9.841509536143156e-4,3.994045514419883e-5
2021-09-07,0.600492991581846,0.490876228702079,0.005943786923708139,0.001981619002944579,0.0020139451883108284,2.6871645349061096e-4
2021-09-08,0.6024808715297653,0.4919071077546704,0.006213073345298035,0.001987879947919269,0.0010308790525914158,2.6928642158989633e-4
2021-09-09,0.604469013464858,0.49391916489998977,0.006499816342498196,0.00198814193509278,0.002012057145319379,2.8674299720016054e-4
2021-09-10,0.6064684443322478,0.4959556221751344,0.006814196704197274,0.00199943086738974,0.002036457275144621,3.143803616990782e-4
2021-09-11,0.6074737561027188,0.496987169785986,0.00695528318220212,0.001005311770471029,0.001031547610851613,1.410864780048461e-4
2021-09-12,0.6084709696082928,0.49800535858790695,0.007027974092470196,9.972135055740239e-4,0.0010181888019209495,7.269091026807558e-5
2021-09-13,0.6104506568077344,0.4990358631587455,0.007241123812243753,0.0019796871994415266,0.0010305045708385308,2.1314971977355688e-4
2021-09-14,0.6124248384375576,0.5010345212656067,0.007461740278878252,0.001974181629823213,0.001998658106861173,2.2061646663449914e-4
2021-09-15,0.6134152671179784,0.503038782815871,0.00769156785499478,9.90428680420874e-4,0.0020042615502643413,2.298275761165279e-4
2021-09-16,0.6153875354568251,0.5050436237989353,0.007922910481969463,0.001972268338846672,0.0020048409830643044,2.3134262697468294e-4
2021-09-17,0.6163875222269121,0.5070692164199861,0.008189235185941637,9.99986770086947e-4,0.0020255926210508424,2.6632470397217403e-4
2021-09-18,0.6173828983757537,0.5080889297786162,0.008330886020288891,9.95376148841598e-4,0.0010197133586300478,1.416508343472546e-4
2021-09-19,0.6183723989502246,0.5090988107240687,0.00840511229989386,9.895005744708918e-4,0.0010098809454525126,7.422627960496954e-5
2021-09-20,0.6193603541968845,0.5101189650916821,0.008645942258422332,9.87955246659955e-4,0.0010201543676133795,2.4082995852847157e-4
2021-09-21,0.6213304956067949,0.5121169036050504,0.008913265597318455,0.0019701414099103642,0.0019979385133682692,2.6732333889612284e-4
2021-09-22,0.6223148322084219,0.5131323036249434,0.009155935455420934,9.843366016270005e-4,0.0010154000198930868,2.4266985810247887e-4
2021-09-23,0.6232951137477085,0.5151290539045319,0.009464120776776249,9.802815392866426e-4,0.001996750279588455,3.0818532135531464e-4
2021-09-24,0.6252586383469927,0.517145884383541,0.01020458243382891,0.001963524599284172,0.002016830479009135,7.404616570526618e-4
2021-09-25,0.6252616495471778,0.5181607651047547,0.010875766902728252,3.0112001850879366e-6,0.0010148807212136957,6.711844688993412e-4
2021-09-26,0.6262434224309273,0.5181866186881211,0.011257256816801037,9.817728837495654e-4,2.5853583366375332e-5,3.8148991407278496e-4
2021-09-27,0.6272186663919328,0.51919528537883,0.012655645540778087,9.752439610054564e-4,0.0010086666907088704,0.0013983887239770506
2021-09-28,0.6282016591231535,0.521191190162266,0.014153802746091685,9.82992731220711e-4,0.001995904783436031,0.0014981572053135977
2021-09-29,0.6291831596771085,0.522206140002974,0.015628197455788022,9.815005539549615e-4,0.001014949840708046,0.0014743947096963368
2021-09-30,0.6301612679734095,0.5242043877099143,0.017162722995536252,9.781082963010723e-4,0.001998247706940237,0.0015345255397482306
2021-10-01,0.6311436756936304,0.5252360394216571,0.018803817781442623,9.824077202208459e-4,0.0010316517117427981,0.0016410947859063704
2021-10-02,0.6321304009470549,0.5262456404616633,0.01949740216961654,9.867252534244697e-4,0.0010096010400062472,6.935843881739172e-4
2021-10-03,0.6321334366633548,0.5272469852862414,0.019875168455984867,3.0357162998928544e-6,0.001001344824578032,3.777662863683265e-4
2021-10-04,0.6331147374953278,0.5282571931734928,0.021185724843114803,9.813008319730088e-4,0.0010102078872514797,0.0013105563871299367
2021-10-05,0.6340984887133583,0.5292667335300596,0.022591479517964395,9.837512180305152e-4,0.0010095403565667516,0.0014057546748495915
2021-10-06,0.6350743351056597,0.5302699080445847,0.02402255164703847,9.75846392301416e-4,0.0010031745145251403,0.0014310721290740763
2021-10-07,0.6360496757280576,0.5322537476883693,0.02544470449354879,9.753406223979022e-4,0.0019838396437845685,0.0014221528465103196
2021-10-08,0.63703247660987,0.5332679398087382,0.026950505664210936,9.828008818123513e-4,0.0010141921203689064,0.0015058011706621452
2021-10-09,0.6380163814348117,0.534269334642948,0.02758331694768927,9.83904824941706e-4,0.0010013948342098011,6.32811283478335e-4
2021-10-10,0.6380194957370938,0.5342830738529541,0.027885082683835105,3.114302282170023e-6,1.3739210006136204e-5,3.0176573614583424e-4
2021-10-11,0.6390014885016666,0.5352860350701226,0.029024138612105642,9.81992764572781e-4,0.0010029612171684743,0.0011390559282705368
2021-10-12,0.6399799196416619,0.5362842320394381,0.03030052975786207,9.78431139995295e-4,9.98196969315468e-4,0.0012763911457564295
2021-10-13,0.6409545606383847,0.5372807633153416,0.031533503918606036,9.74640996722842e-4,9.965312759034894e-4,0.0012329741607439645
2021-10-14,0.6419299040898946,0.5382764636438019,0.032799191816749104,9.753434515098469e-4,9.957003284603028e-4,0.0012656878981430683
2021-10-15,0.6429054197297503,0.5392785314235321,0.03420444870832171,9.755156398557618e-4,0.0010020677797302202,0.001405256891572608
2021-10-16,0.6428972708475802,0.5402737977289085,0.03481005843153287,0,9.952663053763855e-4,6.056097232111576e-4
2021-10-17,0.6438762664259394,0.5402818708632672,0.03507353805976148,9.78995578359232e-4,8.073134358688172e-6,2.63479628228612e-4
2021-10-18,0.6438745119242807,0.5412777693203834,0.036182640457003874,0,9.958984571162288e-4,0.0011091023972423925
2021-10-19,0.6448501399269718,0.5422729611979961,0.03737794651895453,9.756280026911313e-4,9.951918776126556e-4,0.001195306061950653
2021-10-20,0.6458253131038241,0.5432662593744959,0.03860024175615905,9.751731768522509e-4,9.93298176499846e-4,0.001222295237204525
2021-10-21,0.6467985509155324,0.5442594821356935,0.039864868042132115,9.732378117083273e-4,9.932227611976208e-4,0.0012646262859730625
2021-10-22,0.6477739507313827,0.5452622419880849,0.04219895625330464,9.753998158502641e-4,0.0010027598523913994,0.002334088211172522
2021-10-23,0.647774799896978,0.5452768702076971,0.04361149445841403,8.491655952846955e-7,1.4628219612178306e-5,0.0014125382051093927
2021-10-24,0.6487571485599762,0.5462683400944024,0.0444635591379431,9.823486629982892e-4,9.914698867052874e-4,8.520646795290715e-4
2021-10-25,0.6487524083283417,0.5472681234999547,0.04730279465748949,0,9.997834055522903e-4,0.0028392355195463875
2021-10-26,0.6497223198022535,0.5472847549397631,0.05016034024927334,9.699114739117887e-4,1.6631439808456605e-5,0.002857545591783854
2021-10-27,0.6506972158850794,0.5482832251690628,0.0532309628533621,9.748960828259712e-4,0.00099847022929966389,0.00307062260408876
2021-10-28,0.6516643408095381,0.5492795249463523,0.05626045931713603,9.671249244586066e-4,9.962997772895443e-4,0.0030294964637739286
2021-10-29,0.6526353308561293,0.550281346671048,0.059626979183364244,9.709900465912913e-4,0.0010018217246956507,0.0033665198662282125
2021-10-30,0.652634520962969,0.5502922812579397,0.061058046463097315,0,1.0934586891719889e-5,0.0014310672797330712
2021-10-31,0.6526352442905697,0.5503002238253436,0.061767348144371785,7.23327600704593e-7,7.94256740388466e-6,7.093016812744699e-4
2021-11-01,0.6536111361235585,0.5512977982211383,0.06444687963820916,9.7589183298874e-4,9.975743957947314e-4,0.0026795314938373796
2021-11-02,0.6545827425074162,0.5522951583191282,0.06729083245116946,9.716063838577371e-4,9.973600979898967e-4,0.002843952812960293
2021-11-03,0.6555530772412482,0.5532898438229568,0.07020608944743363,9.703347338320123e-4,9.946855038285296e-4,0.0029152569962641733
2021-11-04,0.6565186302066632,0.55330247483252,0.0730832007298459,9.655529654150063e-4,1.2631009563279783e-5,0.0028771112824122758
2021-11-05,0.6574805421457823,0.5543015951273976,0.07645679296602213,9.619119391190978e-4,9.991202948775868e-4,0.003373592236176226
2021-11-06,0.6574676781990122,0.5552943990507554,0.07798532588589967,0,9.928039233577657e-4,0.0015285329198775344
2021-11-07,0.6584375639815188,0.5553006724785822,0.07866134100042206,9.698857825065632e-4,6.273427826775091e-6,6.760151145223936e-4
2021-11-08,0.6584055539592157,0.5562917688254675,0.08092918643136807,0,9.910963468853229e-4,0.0022678454309460055
2021-11-09,0.6593434321566294,0.5562993689442738,0.08339176210324156,9.378781974136441e-4,7.600118806294631e-6,0.002462575671873496
2021-11-10,0.6602835858892073,0.5572915145018753,0.08619897117804738,9.401537325779419e-4,9.921455576015203e-4,0.0028072090748058193
2021-11-11,0.661229182288216,0.5572989084332286,0.08853045750326696,9.45596399008708e-4,7.3939313532944695e-6,0.002331486325219581
2021-11-12,0.662189501410637,0.5582955411243935,0.09170690758744594,9.60319122421005e-4,9.966326911649004e-4,0.0031764500841789806
2021-11-13,0.662168958632769,0.5583046838666832,0.09311054029426774,0,9.142742289691697e-6,0.0014036327068217974
2021-11-14,0.6631364277945798,0.5592936466653206,0.0940098061149547,9.674691618107856e-4,9.889627986373606e-4,8.992658206869591e-4
2021-11-15,0.6640979328112889,0.5593022271675916,0.09640271555835504,9.615050167091077e-4,8.580502271038348e-6,0.002392909443400343
2021-11-16,0.6650427264240057,0.5602928352280377,0.09923168596599824,9.44793612716821e-4,9.90608060446152e-4,0.002828970407643197
2021-11-17,0.6649995720274952,0.561282822015671,0.10218659989509553,0,9.899867876332902e-4,0.0029549139290972887
2021-11-18,0.6659336319946408,0.5612893177097122,0.10503683785103181,9.34059967145684e-4,6.495694041208644e-6,0.00285023795593628
2021-11-19,0.6668861090194081,0.5622824309126171,0.1085929093508011,9.524770247673064e-4,9.931132029048495e-4,0.0035560714997692894
2021-11-20,0.6678388651313508,0.5622903024023109,0.11036461950784024,9.527561119426764e-4,7.871489693833666e-6,0.0017717101570391414
2021-11-21,0.6688199197717324,0.5632801770105419,0.11156826696215275,9.810546403815623e-4,9.898746082309673e-4,0.0012036474543125064
2021-11-22,0.6697938437173805,0.5632890392697313,0.1145764203572316,9.73923945648103e-4,8.862259189390542e-6,0.003008153395078858
2021-11-23,0.6707614468600163,0.564280680531424,0.11771089422641866,9.676031426357756e-4,9.916412616927106e-4,0.0031344738691870544
2021-11-24,0.6717310673789647,0.5642838644101906,0.1198213734263113,9.696205189484441e-4,3.1838787666327306e-6,0.0021104791998926425
2021-11-25,0.6717306947294424,0.5642830515551202,0.11985086269719492,0,0,2.948927088361475e-5
2021-11-26,0.6727105832498035,0.5652611472377935,0.12187952479409293,9.798885203611274e-4,9.780956826733744e-4,0.002028662096898018
2021-11-27,0.6736958933791046,0.5652585606601928,0.12303718113076682,9.853101293011424e-4,0,0.0011576563366738901
2021-11-28,0.6737051617323525,0.5652565635690735,0.1237677468421151,9.26835324788211e-6,0,7.305657113482744e-4
2021-11-29,0.6746689892587463,0.5662204042866493,0.12631013558149337,9.638275263937901e-4,9.638407175758257e-4,0.0025423887393782735
2021-11-30,0.6756287915381249,0.5671800085647422,0.1293153996769313,9.598022793786409e-4,9.596042780928293e-4,0.003005264095437915
2021-12-01,0.676594859648293,0.5671586261846588,0.13246981222682114,9.660681101680835e-4,0,0.003154412549889851
2021-12-02,0.6775616059601214,0.568122889074175,0.1359858741835346,9.667463118283592e-4,9.642628895161209e-4,0.003516061956713473
2021-12-03,0.6785354795454861,0.5690979808025184,0.13982770046076992,9.738735853647151e-4,9.750917283434246e-4,0.0038418262772353107
2021-12-04,0.6795081718564994,0.5690748043298943,0.14147039464925842,9.726923110132679e-4,0,0.0016426941884885027
2021-12-05,0.6804914964263238,0.5690625913516886,0.1423484907686056,9.833245698244175e-4,0,8.780961193471659e-4
2021-12-06,0.6814555700111022,0.5700350280886991,0.14532188359952897,9.640735847784576e-4,9.724367370105291e-4,0.002973392830923377
2021-12-07,0.6824111352739343,0.5700156960775317,0.14815505164418644,9.555652628320255e-4,0,0.002833168044657469
2021-12-08,0.6833623769373138,0.5709739962488831,0.15121856191166022,9.512416633795651e-4,9.583001713514561e-4,0.0030635102674737846
2021-12-09,0.6843159124619905,0.5719352570989203,0.15433200376561865,9.535355246766963e-4,9.612608500372266e-4,0.0031134418539584263
2021-12-10,0.6852794518162456,0.5719241919176706,0.15742362248522981,9.63539354255083e-4,0,0.0030916187196111666
2021-12-11,0.6862465887998811,0.5728852288702855,0.15916659955195148,9.67136983635486e-4,9.610369526148466e-4,0.0017429770667216626
2021-12-12,0.6872203985055961,0.5728787307340198,0.1600003478793386,9.738097057150341e-4,0,8.337483273871127e-4
2021-12-13,0.6881733016979159,0.5728676256894872,0.16237339156686809,9.529031923197762e-4,0,0.002373043687529497
2021-12-14,0.689120065237802,0.573835867842032,0.16518305947926865,9.467635398860974e-4,9.682421525447626e-4,0.0028096679124005597
2021-12-15,0.6900652136596541,0.5748093089764994,0.16804283355359562,9.451484218521156e-4,9.73441134467401e-4,0.0028597740743269706
2021-12-16,0.6919901421382102,0.5748075843197125,0.17083318901427946,0.001924928478556076,0,0.0027903554606838465
2021-12-17,0.692937810296672,0.5757908682016235,0.1741558114449425,9.476681584618118e-4,9.832838819110457e-4,0.0033226224306630303
2021-12-18,0.6938994451272653,0.575790793066453,0.17577038998216105,9.616348305933053e-4,0,0.0016145785372185528
2021-12-19,0.6948767252701535,0.5757943511984529,0.1767437269685368,9.77280142888226e-4,3.5581319999256067e-6,9.733369863757502e-4
2021-12-20,0.6968248400561358,0.5767801692351334,0.1799250851996213,0.0019481147859822245,9.858180366805191e-4,0.003181358231084508
2021-12-21,0.6987673663774222,0.5777605618951388,0.18330796532993548,0.0019425263212864419,9.803926600053803e-4,0.003382880130314181
2021-12-22,0.7007107121544229,0.5777579357141663,0.18614720664575732,0.0019433457770007267,0,0.0028392413158218333
2021-12-23,0.7016662432606553,0.5787364919157674,0.1886530292616654,9.555311062323657e-4,9.78556201601033e-4,0.002505822615908093
2021-12-24,0.7026375116404948,0.578738968590478,0.18917947988778205,9.712683798395183e-4,2.4766747106497178e-6,5.264506261166424e-4
2021-12-25,0.7026371517373668,0.578738854862012,0.18918626072284647,0,0,6.780835064418289e-6
2021-12-26,0.7026377098773087,0.5787449135540138,0.18980956057411458,5.581399418197464e-7,6.058692001764676e-6,6.232998512681054e-4
2021-12-27,0.704588053158587,0.579729339435572,0.19226936847581871,0.0019503432812782995,9.844258815582263e-4,0.0024598079017041363
2021-12-28,0.7065387773018439,0.5807132872975326,0.1950028039322121,0.0019507241432569211,9.839478619605435e-4,0.002733435456393374
2021-12-29,0.7084899572673838,0.5807133925095315,0.1973582772122273,0.0019511799655399509,1.0521199889090838e-7,0.0023554732800152023
2021-12-30,0.709468971368826,0.5816967623798166,0.19985305139663295,9.790141014421883e-4,9.833698702851335e-4,0.0024947741844056626
2021-12-31,0.7104624977760683,0.58170641997243,0.2007152761111993,9.935264072422623e-4,9.657592613399046e-6,8.622247145663453e-4
2022-01-01,0.7104692290577804,0.5817092347164445,0.20083902298808506,6.731281712135662e-6,2.8147440145342983e-6,1.2374687688576635e-4
2022-01-02,0.711454815251714,0.5826964246501214,0.20181174937962723,9.855861939335187e-4,9.871899336768575e-4,9.727263915421669e-4
2022-01-03,0.7124336923019103,0.5826934026351607,0.20342299673846068,9.788770501963917e-4,0,0.0016112473588334453
2022-01-04,0.7143907867485557,0.5836739855335725,0.20568031736389067,0.00195709444664538,9.805828984118525e-4,0.0022573206254299927
2022-01-05,0.7163471939960091,0.5846541090567621,0.2080152592155749,0.0019564072474533845,9.801235231895467e-4,0.00233494185168423
2022-01-06,0.7173273981938246,0.5846545280119123,0.21006890051760096,9.802041978155263e-4,4.18955150238709e-7,0.0020536413020260658
2022-01-07,0.7192998609443467,0.5856440116748736,0.2127146107659829,0.001972462750522097,9.894836629612547e-4,0.0026457102483819217
2022-01-08,0.7202814527270819,0.5856397129626871,0.21403860919528137,9.815917827351583e-4,0,0.0013239984292984786
2022-01-09,0.7202836891123072,0.5856402770992397,0.21468638400524828,2.2363852253404204e-6,5.641365525832498e-7,6.477748099669167e-4
2022-01-10,0.7222353275373623,0.5866220187236537,0.21668758679012864,0.00195163842505508,9.81741624414001e-4,0.0020012027848803626
2022-01-11,0.7232067274764123,0.5866211853319,0.21836550103964558,9.713999390500438e-4,0,0.0016779142495169375
2022-01-12,0.7241697797920519,0.5875979196644842,0.22034169735672776,9.630523156395343e-4,9.767343325841615e-4,0.0019761963170821795
2022-01-13,0.726118547457062,0.5875918018971965,0.22181793080316223,0.001948767665010065,0,0.0014762334464344662
2022-01-14,0.7271033339377695,0.5885781121032797,0.22385380440881747,9.847864807075446e-4,9.863102060831963e-4,0.0020358736056552418
