Date,pct_dose_1_cumulative,pct_dose_2_cumulative,pct_dose_3_cumulative,Admin_Dose_1_Cumulative,Series_Complete_Cumulative,Booster_Cumulative,pop_total,total_dose_1,total_dose_2,total_dose_3,pct_1st_dose_18a,pct_2nd_dose_18a,age_pct,rel_dose1_age18,rel_dose2_age18,pct_dose_1,pct_dose_2,pct_dose_3
2020-12-13,0,0,0,21693,4670,0,333239062,6.509741045904157e-5,1.4013963345029461e-5,0,NA,NA,NA,NA,NA,0,0,0
2020-12-14,0,0,0,26004,4770,0,333239062,7.803406912722615e-5,1.4314048213231376e-5,0,0,0,0.09086016494337025,0,0,0,0,0
2020-12-15,0,0,0,72965,5002,0,333239062,2.1895692408352777e-4,1.5010245107459821e-5,0,0,0,0.09086016494337025,0,0,0,0,0
2020-12-16,0,0,0,227011,5443,0,333239062,6.812256601538508e-4,1.633361937623027e-5,0,0,0,0.09086016494337025,0,0,0,0,0
2020-12-17,0,0,0,491865,6159,0,333239062,0.0014760124369813524,1.8482227032555984e-5,0,0.001,0,0.09086016494337025,0.6775010663495065,0,0,0,0
2020-12-18,0,0,0,897742,7358,0,333239062,0.0026939878974932417,2.2080244602296953e-5,0,0.001,0,0.09086016494337025,0.37119691626324713,0,0,0,0
2020-12-19,0,0,0,1075553,8388,0,333239062,0.00322757180249175,2.5171118744776687e-5,0,0.001,0,0.09086016494337025,0.30983044257233255,0,0,0,0
2020-12-20,0,0,0,1178602,9139,0,333239062,0.003536806258325142,2.7424756104973073e-5,0,0.002,0,0.09086016494337025,0.5654819218022709,0,0,0,0
2020-12-21,0,0,0,1554046,10553,0,333239062,0.004663456890897142,3.166795614134816e-5,0,0.002,0,0.09086016494337025,0.4288664067858995,0,0,0,0
2020-12-22,0,0,0,1994479,13284,0,333239062,0.0059851296784648855,3.986327389194247e-5,0,0.003,0,0.09086016494337025,0.5012422722926639,0,0,0,0
2020-12-23,0,0,0,2556723,16106,0,333239062,0.007672338844838064,4.833166887260054e-5,0,0.004,0,0.09086016494337025,0.5213534074672931,0,0,0,0
2020-12-24,0,0,0,2747884,17252,0,333239062,0.008245984079741527,5.1770641462194486e-5,0,0.004,0,0.09086016494337025,0.48508461346985543,0,0,0,0
2020-12-25,0,0,0,2760396,17348,0,333239062,0.008283530698450952,5.205872293566833e-5,0,0.004,0,0.09086016494337025,0.4828858786927672,0,0,0,0
2020-12-26,0,0,0,2898541,18269,0,333239062,0.008698082939628489,5.482250457180797e-5,0,0.004,0,0.09086016494337025,0.4598714484287094,0,0,0,0
2020-12-27,0,0,0,2991921,19015,0,333239062,0.008978302189555436,5.7061137688594265e-5,0,0.004,0,0.09086016494337025,0.4455185307366071,0,0,0,0
2020-12-28,0,0,0,3566925,22965,0,333239062,0.01070380218511118,6.891448998256994e-5,0,0.005,0,0.09086016494337025,0.4671237298233072,0,0,0,0
2020-12-29,0,0,0,4267772,28024,0,333239062,0.01280693798135826,8.409578346490485e-5,0,0.006,0,0.09086016494337025,0.46849606117665143,0,0,0,0
2020-12-30,0,0,0,5089875,34973,0,333239062,0.015273944685392254,1.0494868095625597e-4,0,0.008,0,0.09086016494337025,0.5237677734718437,0,0,0,0
2020-12-31,0,0,0,5498846,38001,0,333239062,0.01650120477172631,1.1403525076540997e-4,0,0.008,0,0.09086016494337025,0.48481308550921415,0,0,0,0
2021-01-01,0,0,0,5583718,44011,0,333239062,0.01675589280106664,1.320703513443451e-4,0,0.008,0,0.09086016494337025,0.4774439712034168,0,0,0,0
2021-01-02,0,0,0,5838217,46835,0,333239062,0.017519605789791833,1.405447480223672e-4,0,0.009,0,0.09086016494337025,0.5137101889155542,0,0,0,0
2021-01-03,0,0,0,5969264,49255,0,333239062,0.0179128580070244,1.4780680183285356e-4,0,0.009,0,0.09086016494337025,0.5024323866392908,0,0,0,0
2021-01-04,0,0,0,6565131,94731,0,333239062,0.01970096470863311,2.842733964963567e-4,0,0.01,0,0.09086016494337025,0.5075893565566323,0,0,0,0
2021-01-05,0,0,0,7291438,182561,0,333239062,0.021880502112324396,5.478379362380992e-4,0,0.011,0,0.09086016494337025,0.5027306934516894,0,0,0,0
2021-01-06,0,0,0,8119512,354329,0,333239062,0.024365426883838727,0.0010632877126511657,0,0.012,0,0.09086016494337025,0.4925011187864492,0,0,0,0
2021-01-07,0,0,0,8984404,633212,0,333239062,0.02696083690212764,0.001900173395638714,0,0.014,0.001,0.09086016494337025,0.5192717144064314,0.5262677618238442,0,0,0
2021-01-08,0,0,0,9830889,994267,0,333239062,0.029501010298726624,0.0029836448165251406,0,0.015,0.001,0.09086016494337025,0.5084571629279915,0.33516053736068885,0,0,0
2021-01-09,0,0,0,10201474,1122360,0,333239062,0.030613079807552693,0.0033680325267510204,0,0.016,0.001,0.09086016494337025,0.5226524119945805,0.2969092465875477,0,0,0
2021-01-10,0,0,0,10378154,1191157,0,333239062,0.031143269752691837,0.0035744819135278927,0,0.016,0.001,0.09086016494337025,0.5137546611854092,0.2797608224608511,0,0,0
2021-01-11,0,0,0,11101218,1512287,0,333239062,0.033313075404107335,0.004538144450784704,0,0.017,0.002,0.09086016494337025,0.5103101347978214,0.44070875700181256,0,0,0
2021-01-12,0.017,0.002,0,12017333,1825960,0,333239062,0.036062197894435315,0.0054794296594196995,0,0.018,0.002,0.09086016494337025,0.49913763028785174,0.36500149181800257,0.017,0.002,0
2021-01-13,0.017,0.002,0,13044953,2095194,0,333239062,0.03914593001705184,0.006287360153474445,0,0.02,0.003,0.09086016494337025,0.5109087966817512,0.47714778965575505,0,0,0
2021-01-14,0.02,0.003,0,14198766,2230155,0,333239062,0.04260834823739841,0.006692357692448432,0,0.021,0.003,0.09086016494337025,0.4928611614558618,0.44827251289708564,0.002999999999999999,0.001,0
2021-01-15,0.025,0.004,0,15315660,2349838,0,333239062,0.045959978125253514,0.007051508265258531,0,0.023,0.003,0.09086016494337025,0.5004353991927217,0.425440896776714,0.005000000000000001,0.001,0
2021-01-16,0.027999999999999997,0.005,0,15881339,2421415,0,333239062,0.04765749520684943,0.007266300011371416,0,0.023,0.003,0.09086016494337025,0.48261034072756714,0.4128648686821549,0.0029999999999999957,0.001,0
2021-01-17,0.031,0.006,0,16137518,2463397,0,333239062,0.04842624962136041,0.007392281640739944,0,0.024,0.003,0.09086016494337025,0.49559898170214284,0.4058286934667859,0.0030000000000000027,0.001,0
2021-01-18,0.032,0.006,0,16775020,2689808,0,333239062,0.05033929665784499,0.008071706791684584,0,0.024,0.004,0.09086016494337025,0.4767647065696494,0.4955581394657165,0.0010000000000000009,0,0
2021-01-19,0.032,0.006,0,17739210,3042306,0,333239062,0.053232684948561045,0.009129499950398972,0,0.025,0.004,0.09086016494337025,0.4696362774892456,0.43814009767590767,0,0,0
2021-01-20,0.035,0.006999999999999999,0,18889991,3459341,0,333239062,0.05668600459570373,0.010380958880504831,0,0.027,0.005,0.09086016494337025,0.4763080445088619,0.48165107458328044,0.0030000000000000027,9.999999999999992e-4,0
2021-01-21,0.037000000000000005,0.008,0,20216584,3730773,0,333239062,0.06066690945132957,0.011195485239962655,0,0.028,0.005,0.09086016494337025,0.46153661449431815,0.4466086009521351,0.0020000000000000018,0.0010000000000000009,0
2021-01-22,0.04,0.008,0,21610803,3938106,0,333239062,0.06485074969992563,0.011817660199751733,0,0.029,0.005,0.09086016494337025,0.44718064377339434,0.42309559722364,0.0029999999999999957,0,0
2021-01-23,0.043,0.009000000000000001,0,22355180,4087497,0,333239062,0.06708451243930101,0.012265959985207256,0,0.03,0.006,0.09086016494337025,0.44719710867906226,0.48915861516228637,0.0029999999999999957,0.0010000000000000009,0
2021-01-24,0.045,0.01,0,22657989,4174687,0,333239062,0.06799319642785455,0.012527603981792507,0,0.031,0.006,0.09086016494337025,0.4559279696887486,0.4789423427433003,0.0020000000000000018,9.999999999999992e-4,0
2021-01-25,0.047,0.011000000000000001,0,23519060,4658360,0,333239062,0.07057714020332946,0.013979033466370758,0,0.031,0.007,0.09086016494337025,0.4392357059338256,0.5007499278716114,0.0020000000000000018,0.0010000000000000009,0
2021-01-26,0.048,0.011000000000000001,0,24574961,5233575,0,333239062,0.07374573932752218,0.015705166640998407,0,0.032,0.007,0.09086016494337025,0.4339233736322104,0.44571319490023553,0.0010000000000000009,0,0
2021-01-27,0.064,0.012,0,25827169,5873711,0,333239062,0.07750342605393602,0.017626117912911424,0,0.033,0.008,0.09086016494337025,0.42578762875636894,0.45387192117555664,0.016,9.999999999999992e-4,0
2021-01-28,0.067,0.013999999999999999,0,27198612,6422540,0,333239062,0.08161891897295041,0.019273070694215313,0,0.035,0.009,0.09086016494337025,0.4288221461448107,0.466972811068518,0.0030000000000000027,0.0019999999999999983,0
2021-01-29,0.071,0.015,0,28574011,6909272,0,333239062,0.08574628324935088,0.020733679774911862,0,0.036,0.01,0.09086016494337025,0.4198432705859881,0.4823070534782825,0.00399999999999999,0.0010000000000000009,0
2021-01-30,0.076,0.017,0,29337951,7149651,0,333239062,0.0880387515914926,0.021455020780246945,0,0.036,0.01,0.09086016494337025,0.40891084152400414,0.4660913686556169,0.0050000000000000044,0.0020000000000000018,0
2021-01-31,0.079,0.019,0,29665561,7275127,0,333239062,0.0890218596282089,0.021831555269471982,0,0.037,0.01,0.09086016494337025,0.41562825304399265,0.4580525700788453,0.0030000000000000027,0.0019999999999999983,0
2021-02-01,0.081,0.02,0,30437484,7839155,0,333239062,0.09133828374537917,0.023524117949893883,0,0.037,0.011,0.09086016494337025,0.40508753266202946,0.46760520515285126,0.0020000000000000018,0.0010000000000000009,0
2021-02-02,0.081,0.021,0,31402110,8528476,0,333239062,0.09423298040612058,0.025592665964232007,0,0.038,0.012,0.09086016494337025,0.403255843508605,0.46888432868897095,0,0.0010000000000000009,0
2021-02-03,0.083,0.023,0,32667551,9352801,0,333239062,0.09803037736314359,0.02806634055403745,0,0.039,0.013,0.09086016494337025,0.3978358652596884,0.4631882797463562,0.0020000000000000018,0.0019999999999999983,0
2021-02-04,0.084,0.024,0,34058356,10255370,0,333239062,0.10220397271433923,0.0307748135481188,0,0.04,0.014,0.09086016494337025,0.3913742190022325,0.4549174596333433,0.0010000000000000009,0.0010000000000000009,0
2021-02-05,0.085,0.027999999999999997,0,35420737,11203299,0,333239062,0.10629227194259717,0.03361940503841653,0,0.041,0.016,0.09086016494337025,0.38572888932265864,0.47591562021151096,0.0010000000000000009,0.003999999999999997,0
2021-02-06,0.08800000000000001,0.03,0,36276375,11621494,0,333239062,0.10885991210718268,0.03487434495299353,0,0.042,0.017,0.09086016494337025,0.38581695673837313,0.48746435303412805,0.0030000000000000027,0.0020000000000000018,0
2021-02-07,0.09,0.031,0,36557681,11776506,0,333239062,0.10970406884652677,0.03533951250889069,0,0.042,0.017,0.09086016494337025,0.38284815177417847,0.48104794868698747,0.001999999999999988,0.0010000000000000009,0
2021-02-08,0.09,0.031,0,37396766,12474610,0,333239062,0.1122220359628788,0.03743441697720299,0,0.043,0.018,0.09086016494337025,0.3831689527912654,0.48084093338388934,0,0,0
2021-02-09,0.094,0.035,0,38437429,13358784,0,333239062,0.1153449081548549,0.0400876893597786,0,0.044,0.019,0.09086016494337025,0.3814646064907203,0.4739609666568454,0.0040000000000000036,0.0040000000000000036,0
2021-02-10,0.095,0.036000000000000004,0,39669148,14382598,0,333239062,0.11904111049262286,0.043160000252311356,0,0.045,0.02,0.09086016494337025,0.3780206670937324,0.46339202694812165,0.0010000000000000009,0.0010000000000000009,0
2021-02-11,0.09699999999999999,0.038,0,40948136,15458724,0,333239062,0.12287915994674117,0.0463892915410979,0,0.046,0.021,0.09086016494337025,0.37435151753916224,0.4526906814559857,0.001999999999999988,0.001999999999999995,0
2021-02-12,0.099,0.039,0,42330827,16605265,0,333239062,0.12702840641173094,0.04982988758982883,0,0.047,0.023,0.09086016494337025,0.36999598221882124,0.46157037698585357,0.0020000000000000157,0.0010000000000000009,0
2021-02-13,0.102,0.042,0,43201250,17172819,0,333239062,0.1296404141240801,0.05153303126270353,0,0.048,0.023,0.09086016494337025,0.3702549110500275,0.44631568212534,0.002999999999999989,0.0030000000000000027,0
2021-02-14,0.10400000000000001,0.044000000000000004,0,43549570,17401197,0,333239062,0.130685669737001,0.0522183590830057,0,0.048,0.023,0.09086016494337025,0.36729352266853615,0.44045811480669983,0.0020000000000000157,0.0020000000000000018,0
2021-02-15,0.10400000000000001,0.045,0,44165081,17931639,0,333239062,0.1325327251101193,0.05381013525959331,0,0.049,0.024,0.09086016494337025,0.36972000658167026,0.4460126309703201,0,9.99999999999994e-4,0
2021-02-16,0.10800000000000001,0.045,0,44967169,18710569,0,333239062,0.1349396698277827,0.056147586323478486,0,0.049,0.025,0.09086016494337025,0.36312524006125446,0.44525511490324005,0.0040000000000000036,0,0
2021-02-17,0.109,0.047,0,45905676,19690675,0,333239062,0.13775598732179842,0.05908873612181756,0,0.05,0.026,0.09086016494337025,0.3629606304022187,0.44001618085718236,9.99999999999987e-4,0.0020000000000000018,0
2021-02-18,0.11199999999999999,0.048,0,46746651,20653474,0,333239062,0.1402796260421595,0.061977950232016916,0,0.051,0.027,0.09086016494337025,0.3635595662671107,0.4356388021695527,0.002999999999999989,0.0010000000000000009,0
2021-02-19,0.114,0.051,0,47577085,21738651,0,333239062,0.14277163281656338,0.06523440220222441,0,0.052,0.028,0.09086016494337025,0.3642180100777507,0.42922137790426834,0.0020000000000000157,0.0029999999999999957,0
2021-02-20,0.11599999999999999,0.055,0,48180727,22411863,0,333239062,0.1445830711166748,0.0672546095451439,0,0.052,0.028,0.09086016494337025,0.35965483094516193,0.41632834075418007,0.001999999999999988,0.0040000000000000036,0
2021-02-21,0.11800000000000001,0.057,0,48440673,22730002,0,333239062,0.14536312972817095,0.0682092965439928,0,0.052,0.029,0.09086016494337025,0.35772482401307676,0.42516198625939405,0.0020000000000000157,0.0020000000000000018,0
2021-02-22,0.11800000000000001,0.057,0,49067039,23520747,0,333239062,0.14724275931373254,0.07058220263505603,0,0.053,0.029,0.09086016494337025,0.35994978800330707,0.41086844724787014,0,0,0
2021-02-23,0.11900000000000001,0.059000000000000004,0,49953327,24529978,0,333239062,0.14990237549042196,0.07361075215125891,0,0.054,0.03,0.09086016494337025,0.3602344514110141,0.4075491571985918,0.0010000000000000009,0.0020000000000000018,0
2021-02-24,0.121,0.061,0,51215509,25743172,0,333239062,0.15368999268159025,0.07725136376719245,0,0.055,0.031,0.09086016494337025,0.3578632482203779,0.4012874140762452,0.001999999999999988,0.001999999999999995,0
2021-02-25,0.12300000000000001,0.062,0,52771168,27059531,0,333239062,0.1583582899414115,0.08120155793740651,0,0.056,0.032,0.09086016494337025,0.3536284713652728,0.39408110894457116,0.0020000000000000157,0.0010000000000000009,0
2021-02-26,0.125,0.064,0,54462443,28414567,0,333239062,0.16343355029609344,0.08526781593209502,0,0.058,0.033,0.09086016494337025,0.3548842933101624,0.387015893854726,0.001999999999999988,0.0020000000000000018,0
2021-02-27,0.127,0.065,0,55617708,29217066,0,333239062,0.1669003257487263,0.08767599399856671,0,0.059,0.034,0.09086016494337025,0.3535044029142661,0.3877914403862455,0.0020000000000000018,0.0010000000000000009,0
2021-02-28,0.13,0.067,0,56163335,29506045,0,333239062,0.16853766981255036,0.08854317624984792,0,0.06,0.034,0.09086016494337025,0.35600349801164766,0.3839934531381621,0.0030000000000000027,0.0020000000000000018,0
2021-03-01,0.13,0.067,0,57364799,30284876,0,333239062,0.17214308147344384,0.09088033022971359,0,0.061,0.035,0.09086016494337025,0.3543563846881081,0.3851218400233833,0,0,0
2021-03-02,0.131,0.068,0,58839972,31229273,0,333239062,0.17656985242624407,0.09371432272246644,0,0.063,0.035,0.09086016494337025,0.35679930143406596,0.3734754622690064,0.0010000000000000009,0.0010000000000000009,0
2021-03-03,0.133,0.069,0,60592687,32342199,0,333239062,0.1818294849239493,0.09705404524275128,0,0.065,0.036,0.09086016494337025,0.35747777664984554,0.37092735197133625,0.0020000000000000018,0.0010000000000000009,0
2021-03-04,0.136,0.07,0,62560864,33569795,0,333239062,0.1877356862803797,0.10073787508140328,0,0.067,0.037,0.09086016494337025,0.3568847315471858,0.36728985964912797,0.0030000000000000027,0.0010000000000000009,0
2021-03-05,0.14300000000000002,0.094,0,64576411,34858851,0,333239062,0.19378403783887738,0.10460613708005216,0,0.07,0.038,0.09086016494337025,0.36122686254582964,0.3632674053427636,0.007000000000000006,0.023999999999999994,0
2021-03-06,0.153,0.124,0,65935786,35715031,0,333239062,0.19786331651599715,0.10717540370462332,0,0.072,0.039,0.09086016494337025,0.3638875627265594,0.36388946205870576,0.009999999999999981,0.03,0
2021-03-07,0.157,0.127,0,66621557,36056399,0,333239062,0.1999212115175141,0.10819979741750683,0,0.073,0.04,0.09086016494337025,0.3651438456474381,0.36968645926067106,0.0040000000000000036,0.0030000000000000027,0
2021-03-08,0.158,0.127,0,68110795,36899558,0,333239062,0.20439018940702697,0.11072998999138943,0,0.075,0.04,0.09086016494337025,0.3669452052350879,0.361239082592805,0.0010000000000000009,0,0
2021-03-09,0.166,0.13,0,69924747,37971494,0,333239062,0.20983358487547296,0.1139467077241983,0,0.078,0.041,0.09086016494337025,0.3717231445399438,0.3598173288098699,0.008000000000000007,0.0030000000000000027,0
2021-03-10,0.171,0.133,0,71996207,39229962,0,333239062,0.21604972288632837,0.1177231797633616,0,0.081,0.042,0.09086016494337025,0.3749136954117597,0.35676916036778217,0.0050000000000000044,0.0030000000000000027,0
2021-03-11,0.175,0.135,0,74284844,40615646,0,333239062,0.22291757621139865,0.12188140776845663,0,0.085,0.044,0.09086016494337025,0.3813068554064676,0.36100666053668085,0.003999999999999976,0.0020000000000000018,0
2021-03-12,0.18,0.138,0,76410038,42127419,0,333239062,0.22929496182533368,0.1264180097830188,0,0.088,0.045,0.09086016494337025,0.38378514425028815,0.35596193989477487,0.0050000000000000044,0.0030000000000000027,0
2021-03-13,0.18899999999999997,0.142,0,77804106,43139686,0,333239062,0.23347834894577876,0.12945566987582027,0,0.091,0.046,0.09086016494337025,0.38975776730857875,0.35533399227801515,0.00899999999999998,0.003999999999999976,0
2021-03-14,0.19399999999999998,0.145,0,78456532,43564824,0,333239062,0.2354361806479938,0.13073144468279652,0,0.092,0.047,0.09086016494337025,0.39076406925557194,0.3595156476243311,0.0050000000000000044,0.0030000000000000027,0
2021-03-15,0.195,0.146,0,79959863,44426965,0,333239062,0.23994744949798233,0.1333185993663612,0,0.095,0.048,0.09086016494337025,0.3959200241501164,0.3600397861073787,0.0010000000000000286,0.0010000000000000009,0
2021-03-16,0.19899999999999998,0.14800000000000002,0,81894016,45465657,0,333239062,0.24575154997885573,0.13643555688558504,0,0.099,0.049,0.09086016494337025,0.4028458823902347,0.3591439146694834,0.003999999999999976,0.0020000000000000295,0
2021-03-17,0.205,0.15,0,84028469,46583224,0,333239062,0.25215672045073756,0.13978920634460315,0,0.103,0.05,0.09086016494337025,0.40847612475243356,0.35768140693739875,0.006000000000000005,0.001999999999999974,0
2021-03-18,0.21100000000000002,0.153,0,86333757,47778686,0,333239062,0.25907454090721216,0.14337660691170712,0,0.107,0.051,0.09086016494337025,0.41300854813951854,0.35570656258734284,0.006000000000000033,0.0030000000000000027,0
2021-03-19,0.214,0.155,0,88555456,48988084,0,333239062,0.2657415234232054,0.14700582730604372,0,0.112,0.052,0.09086016494337025,0.4214621733075374,0.35372747429762713,0.002999999999999975,0.0020000000000000018,0
2021-03-20,0.222,0.158,0,89975606,49840260,0,333239062,0.27000317867897494,0.1495630785324921,0,0.115,0.053,0.09086016494337025,0.42592091160797513,0.35436553272394644,0.008000000000000007,0.0030000000000000027,0
2021-03-21,0.22899999999999998,0.161,0,90665911,50209847,0,333239062,0.27207467952841613,0.1506721531943335,0,0.117,0.054,0.09086016494337025,0.4300289913151593,0.3583940287250826,0.0069999999999999785,0.0030000000000000027,0
2021-03-22,0.23,0.162,0,92279143,51004684,0,333239062,0.27691574464940727,0.15305733875820357,0,0.121,0.055,0.09086016494337025,0.43695601401499795,0.3593424558811108,0.0010000000000000286,0.0010000000000000009,0
2021-03-23,0.23600000000000002,0.16399999999999998,0,94270537,52141803,0,333239062,0.28289161670968815,0.1564696608106525,0,0.125,0.056,0.09086016494337025,0.4418653385839947,0.35789685815045563,0.006000000000000005,0.001999999999999974,0
2021-03-24,0.24100000000000002,0.16699999999999998,0,96484765,53548961,0,333239062,0.28953617988517805,0.16069232904034522,0,0.131,0.057,0.09086016494337025,0.45244777371847256,0.35471512760070173,0.0050000000000000044,0.0030000000000000027,0
2021-03-25,0.25,0.17,0,98758607,55177398,0,333239062,0.29635963565399787,0.16557902206554645,0,0.136,0.059,0.09086016494337025,0.45890190038828715,0.35632533194116905,0.00899999999999998,0.0030000000000000304,0
2021-03-26,0.255,0.17300000000000001,0,100873011,56961189,0,333239062,0.3027046421106539,0.17093190893689408,0,0.142,0.062,0.09086016494337025,0.4691041373197435,0.3627175311245697,0.0050000000000000044,0.0030000000000000027,0
2021-03-27,0.261,0.17600000000000002,0,102249272,58115741,0,333239062,0.30683459311861827,0.17439654478441666,0,0.146,0.063,0.09086016494337025,0.47582640052439684,0.3612456891154498,0.006000000000000005,0.0030000000000000027,0
2021-03-28,0.27,0.18100000000000002,0,102925459,58661514,0,333239062,0.30886372798636674,0.1760343269721483,0,0.148,0.064,0.09086016494337025,0.47917572246143686,0.36356545397038337,0.009000000000000008,0.0050000000000000044,0
2021-03-29,0.271,0.182,0,104540300,59922492,0,333239062,0.3137096214728872,0.17981833114150345,0,0.153,0.066,0.09086016494337025,0.48771216923999644,0.36703710673447965,0.0010000000000000009,9.999999999999731e-4,0
2021-03-30,0.27399999999999997,0.184,0,106560077,61565285,0,333239062,0.3197706666213098,0.18474810435038375,0,0.159,0.068,0.09086016494337025,0.4972313492040739,0.3680687292522077,0.002999999999999947,0.0020000000000000018,0
2021-03-31,0.278,0.19,0,108974414,63488292,0,333239062,0.32701572662570993,0.19051875737184737,0,0.167,0.071,0.09086016494337025,0.5106788035033618,0.3726667178572074,0.004000000000000059,0.006000000000000005,0
2021-04-01,0.284,0.195,0,111501871,65705835,0,333239062,0.33460024263302,0.19717326836071816,0,0.175,0.074,0.09086016494337025,0.5230121730423698,0.37530442445484485,0.00599999999999995,0.0050000000000000044,0
2021-04-02,0.285,0.195,0,113562358,67504951,0,333239062,0.3407834523312876,0.20257214323811776,0,0.182,0.077,0.09086016494337025,0.5340634903336544,0.3801114939554581,0.0010000000000000009,0,0
2021-04-03,0.29100000000000004,0.20199999999999999,0,114890014,68656229,0,333239062,0.34476754708906243,0.2060269543070554,0,0.187,0.08,0.09086016494337025,0.5423944381623976,0.3882987071719305,0.006000000000000061,0.0069999999999999785,0
2021-04-04,0.294,0.20600000000000002,0,115328453,69026067,0,333239062,0.34608323618435827,0.207136782181916,0,0.188,0.081,0.09086016494337025,0.543221919884766,0.39104595111872736,0.002999999999999947,0.004000000000000031,0
2021-04-05,0.29600000000000004,0.207,0,117068671,70611083,0,333239062,0.35130536707608423,0.21189317535649527,0,0.195,0.083,0.09086016494337025,0.5550726469765768,0.3917068110398477,0.0020000000000000573,9.999999999999731e-4,0
2021-04-06,0.299,0.212,0,119366203,72671047,0,333239062,0.3581999129501811,0.2180748156109022,0,0.204,0.088,0.09086016494337025,0.5695143762594174,0.40353123653220513,0.002999999999999947,0.0050000000000000044,0
2021-04-07,0.308,0.22399999999999998,0,121935894,74959478,0,333239062,0.3659111668007276,0.22494205076114396,0,0.215,0.093,0.09086016494337025,0.5875743062990131,0.4134398156561336,0.009000000000000008,0.011999999999999983,0
2021-04-08,0.313,0.22899999999999998,0,124509129,77451141,0,333239062,0.3736330556590031,0.23241915439072985,0,0.226,0.099,0.09086016494337025,0.6048715352590733,0.42595456583396235,0.0050000000000000044,0.0050000000000000044,0
2021-04-09,0.317,0.235,0,126956626,79860058,0,333239062,0.380977623805699,0.2396479497952734,0,0.238,0.105,0.09086016494337025,0.6247086052523166,0.4381427009482011,0.0040000000000000036,0.006000000000000005,0
2021-04-10,0.32299999999999995,0.245,0,128683352,81498723,0,333239062,0.3861592672470072,0.24456533550079432,0,0.245,0.109,0.09086016494337025,0.6344532445036091,0.4456886736495245,0.00599999999999995,0.010000000000000009,0
2021-04-11,0.327,0.252,0,129521683,82293395,0,333239062,0.388674971723453,0.24695002592463186,0,0.249,0.112,0.09086016494337025,0.6406381118287353,0.45353305625560836,0.004000000000000059,0.007000000000000006,0
2021-04-12,0.32799999999999996,0.254,0,131158005,83997970,0,333239062,0.393585326440512,0.25206519756678464,0,0.257,0.116,0.09086016494337025,0.6529714975002859,0.46019839755651243,9.999999999999454e-4,0.0020000000000000018,0
2021-04-13,0.33,0.258,0,132906528,85695923,0,333239062,0.3988323793805421,0.25716049758896514,0,0.265,0.119,0.09086016494337025,0.6644395332485099,0.46274603259714,0.0020000000000000573,0.0040000000000000036,0
2021-04-14,0.33299999999999996,0.265,0,134646657,87601837,0,333239062,0.40405424319673544,0.262879857103907,0,0.274,0.124,0.09086016494337025,0.6781267728615052,0.47169836961295686,0.002999999999999947,0.007000000000000006,0
2021-04-15,0.336,0.273,0,136408653,89532494,0,333239062,0.40934172657105844,0.26867346661778807,0,0.282,0.128,0.09086016494337025,0.6889109555535308,0.47641474095427294,0.003000000000000058,0.008000000000000007,0
2021-04-16,0.34,0.282,0,138049703,91442013,0,333239062,0.414266269300686,0.27440364419222857,0,0.29,0.133,0.09086016494337025,0.7000328568617058,0.4846874406187887,0.0040000000000000036,0.008999999999999952,0
2021-04-17,0.34299999999999997,0.293,0,139217531,92607923,0,333239062,0.4177707444153111,0.27790236367908155,0,0.296,0.135,0.09086016494337025,0.7085225664000606,0.48578212222727424,0.002999999999999947,0.01100000000000001,0
2021-04-18,0.34600000000000003,0.302,0,139760723,93183537,0,333239062,0.4194007814125944,0.2796296941923333,0,0.299,0.137,0.09086016494337025,0.7129218953596855,0.48993366171537367,0.003000000000000058,0.009000000000000008,0
2021-04-19,0.34700000000000003,0.303,0,140849585,94634158,0,333239062,0.42266829151019514,0.2839827883082926,0,0.304,0.141,0.09086016494337025,0.7192401372570605,0.496508963940906,0.0010000000000000009,0.0010000000000000009,0
2021-04-20,0.348,0.307,0,142230984,96452400,0,333239062,0.4268136608786878,0.2894390574175845,0,0.311,0.146,0.09086016494337025,0.7286552153924492,0.5044239754739125,9.999999999999454e-4,0.0040000000000000036,0
2021-04-21,0.349,0.307,0,143620077,98482273,0,333239062,0.43098211877693976,0.2955303991343008,0,0.318,0.151,0.09086016494337025,0.7378496372481405,0.5109457451494849,0.0010000000000000009,0,0
2021-04-22,0.35100000000000003,0.314,0,145026334,100518434,0,333239062,0.43520208324197,0.3016406101875296,0,0.325,0.158,0.09086016494337025,0.7467795135054576,0.5238021495241361,0.0020000000000000573,0.007000000000000006,0
2021-04-23,0.353,0.321,0,146390419,102398863,0,333239062,0.4392954959163821,0.3072834930738102,0,0.331,0.163,0.09086016494337025,0.753479157143474,0.5304547874325518,0.0019999999999999463,0.007000000000000006,0
2021-04-24,0.35600000000000004,0.326,0,147398789,103574234,0,333239062,0.44232146170186976,0.3108106035900437,0,0.336,0.167,0.09086016494337025,0.7596285260661131,0.5373047060526657,0.003000000000000058,0.0050000000000000044,0
2021-04-25,0.35700000000000004,0.32799999999999996,0,147893112,104065739,0,333239062,0.4438048502249115,0.31228553572149953,0,0.338,0.168,0.09086016494337025,0.7615960029024206,0.5379692005646547,0.0010000000000000009,0.0019999999999999463,0
2021-04-26,0.361,0.337,0,148832492,105480436,0,333239062,0.44662378745982667,0.316530827349406,0,0.343,0.173,0.09086016494337025,0.7679841728780568,0.5465502410892574,0.003999999999999948,0.009000000000000064,0
2021-04-27,0.36200000000000004,0.34,0,149943943,107252591,0,333239062,0.44995908372830556,0.32184879634548963,0,0.348,0.18,0.09086016494337025,0.7734036550979587,0.5592688307175722,0.0010000000000000564,0.0030000000000000027,0
2021-04-28,0.363,0.344,0,151099123,109203251,0,333239062,0.45342560410880045,0.32770243183555714,0,0.354,0.187,0.09086016494337025,0.7807234456814153,0.5706396469277275,9.999999999999454e-4,0.003999999999999948,0
2021-04-29,0.369,0.353,0,152214831,111162885,0,333239062,0.45677367499011867,0.3335829969416971,0,0.359,0.195,0.09086016494337025,0.7859472199394288,0.5845621682992485,0.006000000000000005,0.009000000000000008,0
2021-04-30,0.371,0.35700000000000004,0,153326746,112992076,0,333239062,0.460110363652386,0.3390721223432084,0,0.364,0.202,0.09086016494337025,0.7911145428469473,0.5957434619043551,0.0020000000000000018,0.004000000000000059,0
2021-05-01,0.373,0.36200000000000004,0,154034766,114140948,0,333239062,0.46223502453622917,0.3425197133702171,0,0.368,0.207,0.09086016494337025,0.7961317954415564,0.6043447775990085,0.0020000000000000018,0.0050000000000000044,0
2021-05-02,0.374,0.365,0,154361046,114720010,0,333239062,0.4632141414441984,0.34425739080972445,0,0.369,0.21,0.09086016494337025,0.7966078040051633,0.6100086900271365,0.0010000000000000009,0.002999999999999947,0
2021-05-03,0.374,0.365,0,155001380,116109688,0,333239062,0.46513568688415047,0.34842760420445545,0,0.372,0.216,0.09086016494337025,0.7997666282971158,0.6199279201577047,0,0,0
2021-05-04,0.375,0.366,0,155823391,117851861,0,333239062,0.46760241751010573,0.3536556017553548,0,0.376,0.224,0.09086016494337025,0.8041019163291088,0.6333845664770623,0.0010000000000000009,0.0010000000000000009,0
2021-05-05,0.377,0.37,0,156640889,119638514,0,333239062,0.470055605305959,0.3590170770556304,0,0.38,0.232,0.09086016494337025,0.8084149953975299,0.6462088151980891,0.0020000000000000018,0.0040000000000000036,0
2021-05-06,0.377,0.37,0,157421873,121430480,0,333239062,0.47239922011303703,0.36439449586495354,0,0.384,0.24,0.09086016494337025,0.8128717907453687,0.6586268528297015,0,0,0
2021-05-07,0.382,0.381,0,158216567,123194221,0,333239062,0.4747839765555456,0.3696872157202267,0,0.388,0.248,0.09086016494337025,0.8172137628039926,0.6708373713081882,0.0050000000000000044,0.01100000000000001,0
2021-05-08,0.38299999999999995,0.386,0,158725503,124270712,0,333239062,0.47631121648037766,0.3729176023187822,0,0.39,0.253,0.09086016494337025,0.8187923914155119,0.6784340519912688,9.999999999999454e-4,0.0050000000000000044,0
2021-05-09,0.386,0.392,0,158932253,124703896,0,333239062,0.4769316419453851,0.37421752195425395,0,0.392,0.255,0.09086016494337025,0.821920723064311,0.6814218603883876,0.003000000000000058,0.006000000000000005,0
2021-05-10,0.387,0.395,0,159417007,125862309,0,333239062,0.4783863153473887,0.37769374407853784,0,0.394,0.261,0.09086016494337025,0.823602154492839,0.6910360684865554,0.0010000000000000009,0.0030000000000000027,0
2021-05-11,0.38799999999999996,0.397,0,160076820,127293193,0,333239062,0.48036631431881777,0.3819876104440601,0,0.398,0.268,0.09086016494337025,0.8285343666622064,0.7015934356835563,9.999999999999454e-4,0.0020000000000000018,0
2021-05-12,0.389,0.4,0,160721697,128712817,0,333239062,0.48230149261433225,0.3862476872534229,0,0.401,0.275,0.09086016494337025,0.8314301451284453,0.7119783731405708,0.0010000000000000564,0.0030000000000000027,0
2021-05-13,0.391,0.40299999999999997,0,161648385,130099845,0,333239062,0.4850823430777752,0.39040994839914656,0,0.404,0.281,0.09086016494337025,0.8328482901205602,0.7197562489178985,0.0020000000000000018,0.002999999999999947,0
2021-05-14,0.39299999999999996,0.40700000000000003,0,162737970,131514684,0,333239062,0.48835202278897305,0.39465566614756586,0,0.408,0.288,0.09086016494337025,0.8354629057742332,0.7297500700073917,0.0019999999999999463,0.004000000000000059,0
2021-05-15,0.395,0.41,0,163642826,132494336,0,333239062,0.49106735872399015,0.3975954535606033,0,0.41,0.293,0.09086016494337025,0.8349160104336013,0.7369299557529765,0.0020000000000000573,0.002999999999999947,0
2021-05-16,0.397,0.41100000000000003,0,164120473,132975712,0,333239062,0.4925007050944106,0.39903999009575897,0,0.412,0.295,0.09086016494337025,0.8365470256961787,0.7392742765686413,0.0020000000000000018,0.0010000000000000564,0
2021-05-17,0.39799999999999996,0.41200000000000003,0,165006207,133973102,0,333239062,0.49515865880093013,0.402033006562718,0,0.415,0.3,0.09086016494337025,0.8381152033268663,0.74620738870404,9.999999999999454e-4,0.0010000000000000009,0
2021-05-18,0.39899999999999997,0.413,0,165996557,135119680,0,333239062,0.4981305492931678,0.4054737136428502,0,0.419,0.305,0.09086016494337025,0.8411449580728352,0.7522065912974335,0.0010000000000000009,9.999999999999454e-4,0
2021-05-19,0.402,0.41600000000000004,0,166981320,136283449,0,333239062,0.501085674043819,0.40896600831267493,0,0.423,0.311,0.09086016494337025,0.844167019556439,0.7604543988463339,0.003000000000000058,0.003000000000000058,0
2021-05-20,0.40399999999999997,0.419,0,167903552,137440988,0,333239062,0.5038531527255349,0.4124396076952107,0,0.427,0.317,0.09086016494337025,0.8474691439166219,0.7685973754350486,0.0019999999999999463,0.002999999999999947,0
2021-05-21,0.40700000000000003,0.42200000000000004,0,168836716,138622868,0,333239062,0.5066534366850426,0.41598625073551554,0,0.43,0.322,0.09086016494337025,0.8487063717823083,0.7740640452194366,0.003000000000000058,0.003000000000000058,0
2021-05-22,0.409,0.425,0,169566262,139384429,0,333239062,0.508842693837615,0.4182715800586427,0,0.433,0.326,0.09086016494337025,0.8509506085945328,0.7793979212125625,0.0019999999999999463,0.002999999999999947,0
2021-05-23,0.413,0.42700000000000005,0,169905183,139727101,0,333239062,0.5098597444737736,0.4192998868782076,0,0.434,0.327,0.09086016494337025,0.851214485363875,0.7798714243273394,0.0040000000000000036,0.0020000000000000573,0
2021-05-24,0.414,0.428,0,170540330,140466324,0,333239062,0.5117657245116121,0.42151818324347584,0,0.437,0.331,0.09086016494337025,0.8539063463404813,0.7852567532272006,0.0010000000000000009,9.999999999999454e-4,0
2021-05-25,0.415,0.429,0,171207700,141290991,0,333239062,0.5137684008965312,0.42399288412353053,0,0.441,0.335,0.09086016494337025,0.8583634167271682,0.790107599783202,0.0010000000000000009,0.0010000000000000009,0
2021-05-26,0.418,0.434,0,171867578,142113737,0,333239062,0.5157485949231246,0.426461820373267,0,0.443,0.339,0.09086016494337025,0.8589456265334697,0.7949128944375027,0.0030000000000000027,0.0050000000000000044,0
2021-05-27,0.42,0.43700000000000006,0,172481303,142895453,0,333239062,0.5175902907804968,0.4288076318015803,0,0.446,0.343,0.09086016494337025,0.8616854062842974,0.799892479895774,0.0020000000000000018,0.003000000000000058,0
2021-05-28,0.42100000000000004,0.43799999999999994,0,173084739,143668232,0,333239062,0.5194011109057797,0.4311266246452224,0,0.449,0.346,0.09086016494337025,0.8644571422209558,0.8025484398805715,0.0010000000000000564,9.999999999998899e-4,0
2021-05-29,0.423,0.441,0,173465091,144083301,0,333239062,0.5205424897036831,0.4323721839068194,0,0.45,0.348,0.09086016494337025,0.8644827442542892,0.8048621371882644,0.0019999999999999463,0.003000000000000058,0
2021-05-30,0.426,0.441,0,173666263,144285316,0,333239062,0.5211461764347423,0.4329784003533175,0,0.451,0.349,0.09086016494337025,0.8654001897996734,0.8060448274445335,0.0030000000000000027,0,0
2021-05-31,0.42700000000000005,0.442,0,173754859,144405203,0,333239062,0.5214120396245744,0.43333816309925877,0,0.452,0.35,0.09086016494337025,0.8668767992496832,0.8076833055662128,0.0010000000000000564,0.0010000000000000009,0
2021-06-01,0.42700000000000005,0.44299999999999995,0,174280694,145174141,0,333239062,0.522989990891284,0.4356456296831132,0,0.454,0.354,0.09086016494337025,0.8680854469629321,0.8125870567265833,0,9.999999999999454e-4,0
2021-06-02,0.428,0.444,0,174775733,145841932,0,333239062,0.524475528021982,0.43764956942532746,0,0.456,0.357,0.09086016494337025,0.8694399941209229,0.815721126993847,9.999999999999454e-4,0.0010000000000000564,0
2021-06-03,0.43200000000000005,0.446,0,175240718,146664435,0,333239062,0.5258708776463907,0.44011777646883427,0,0.458,0.36,0.09086016494337025,0.8709362306767083,0.8179628709577751,0.004000000000000059,0.0020000000000000018,0
2021-06-04,0.434,0.449,0,175744088,147603921,0,333239062,0.5273814148474587,0.4429370317937097,0,0.461,0.363,0.09086016494337025,0.8741301589729721,0.8195295808300377,0.0019999999999999463,0.0030000000000000027,0
2021-06-05,0.435,0.45,0,176099265,148342263,0,333239062,0.5284472472797922,0.4451526844112891,0,0.462,0.365,0.09086016494337025,0.8742594504525615,0.8199433874754897,0.0010000000000000009,0.0010000000000000009,0
2021-06-06,0.436,0.451,0,176271647,148698996,0,333239062,0.5289645395772961,0.44622318616417184,0,0.463,0.367,0.09086016494337025,0.8752949684869059,0.8224583826645339,0.0010000000000000009,0.0010000000000000009,0
2021-06-07,0.43799999999999994,0.45399999999999996,0,176645385,149425062,0,333239062,0.5300860707620165,0.4484020003633308,0,0.464,0.369,0.09086016494337025,0.8753295466394437,0.8229222878154134,0.0019999999999999463,0.002999999999999947,0
2021-06-08,0.439,0.45399999999999996,0,177050820,150227601,0,333239062,0.531302719847411,0.4508102984637497,0,0.466,0.372,0.09086016494337025,0.8770894305488108,0.825180793934132,0.0010000000000000564,0,0
2021-06-09,0.441,0.456,0,177444284,151034170,0,333239062,0.5324834457732329,0.4532306899843572,0,0.468,0.375,0.09086016494337025,0.8789005624774028,0.8273932200243164,0.0020000000000000018,0.0020000000000000573,0
2021-06-10,0.442,0.45799999999999996,0,177850685,151831854,0,333239062,0.5337029936784542,0.455624418964425,0,0.47,0.378,0.09086016494337025,0.880639617103527,0.8296306876157884,0.0010000000000000009,0.0019999999999999463,0
2021-06-11,0.445,0.462,0,178280460,152667453,0,333239062,0.534992683420769,0.4581319251222715,0,0.472,0.381,0.09086016494337025,0.8822550562411606,0.8316381791081561,0.0030000000000000027,0.004000000000000059,0
2021-06-12,0.447,0.46399999999999997,0,178562561,153297984,0,333239062,0.5358392258348152,0.46002405324259377,0,0.473,0.384,0.09086016494337025,0.8827274622590118,0.8347389604810459,0.0020000000000000018,0.0019999999999999463,0
2021-06-13,0.449,0.46399999999999997,0,178676708,153589561,0,333239062,0.5361817637093217,0.46089903169875085,0,0.474,0.385,0.09086016494337025,0.8840285740433498,0.8353239506296916,0.0020000000000000018,0,0
2021-06-14,0.449,0.465,0,179010321,154196651,0,333239062,0.5371828858406762,0.46272081692511785,0,0.475,0.387,0.09086016494337025,0.8842426155417038,0.8363574445854859,0,0.0010000000000000564,0
2021-06-15,0.449,0.465,0,179373300,154844167,0,333239062,0.5382721308944268,0.4646639144603042,0,0.477,0.39,0.09086016494337025,0.8861688588769899,0.8393163055344539,0,0,0
2021-06-16,0.451,0.46799999999999997,0,179733702,155462895,0,333239062,0.5393536427611239,0.46652062356363255,0,0.479,0.393,0.09086016494337025,0.8881000553696935,0.8424064878374997,0.0020000000000000018,0.002999999999999947,0
2021-06-17,0.45299999999999996,0.47100000000000003,0,180087084,156041818,0,333239062,0.5404140886700731,0.4682578838851731,0,0.48,0.396,0.09086016494337025,0.8882077837408928,0.845687843447197,0.0019999999999999463,0.003000000000000058,0
2021-06-18,0.455,0.473,0,180457841,156626350,0,333239062,0.5415266743248726,0.47001197596697114,0,0.482,0.398,0.09086016494337025,0.8900761917239162,0.8467869338460611,0.0020000000000000573,0.0019999999999999463,0
2021-06-19,0.456,0.475,0,180690169,156989955,0,333239062,0.5422238554974687,0.4711030995519967,0,0.483,0.4,0.09086016494337025,0.8907760053398367,0.849071042793789,0.0010000000000000009,0.0020000000000000018,0
2021-06-20,0.46,0.479,0,180802877,157163055,0,333239062,0.5425620751507216,0.4716225464588542,0,0.484,0.4,0.09086016494337025,0.8920638248914591,0.8481358726451328,0.0040000000000000036,0.0040000000000000036,0
2021-06-21,0.46,0.48,0,181105820,157449118,0,333239062,0.5434711612529987,0.47248097823537866,0,0.485,0.402,0.09086016494337025,0.8924116578362858,0.8508279031705976,0,0.0010000000000000009,0
2021-06-22,0.466,0.486,0,181431998,157908612,0,333239062,0.5444499720744023,0.47385985019967436,0,0.487,0.404,0.09086016494337025,0.8944807144437664,0.8525727592868716,0.006000000000000005,0.006000000000000005,0
2021-06-23,0.46799999999999997,0.48700000000000004,0,181764341,158340782,0,333239062,0.5454472831279306,0.4751567269745826,0,0.488,0.406,0.09086016494337025,0.8946785786547649,0.8544549134031686,0.0019999999999999463,0.0010000000000000564,0
2021-06-24,0.469,0.489,0,182085179,158749333,0,333239062,0.5464100694173722,0.4763827267044702,0,0.49,0.408,0.09086016494337025,0.8967623904194859,0.856454227092721,0.0010000000000000009,0.0019999999999999463,0
2021-06-25,0.47100000000000003,0.491,0,182437849,159189858,0,333239062,0.5474683787220599,0.4777046755701167,0,0.491,0.41,0.09086016494337025,0.8968554515351691,0.8582708542902274,0.0020000000000000573,0.0020000000000000018,0
2021-06-26,0.475,0.496,0,182664100,159479529,0,333239062,0.5481473237372154,0.47857393440868584,0,0.492,0.411,0.09086016494337025,0.8975689175048628,0.8588014733978804,0.003999999999999948,0.0050000000000000044,0
2021-06-27,0.479,0.499,0,182791830,159627282,0,333239062,0.5485306221393698,0.4790173188040002,0,0.493,0.411,0.09086016494337025,0.8987647728347595,0.8580065560597592,0.0040000000000000036,0.0030000000000000027,0
2021-06-28,0.48,0.501,0,183069335,159926053,0,333239062,0.5493633726528735,0.4799138853655758,0,0.494,0.413,0.09086016494337025,0.8992226722623972,0.8605710578375869,0.0010000000000000009,0.0020000000000000018,0
2021-06-29,0.48100000000000004,0.501,0,183368793,160276700,0,333239062,0.5502620007974935,0.48096612395337973,0,0.496,0.414,0.09086016494337025,0.901388791668602,0.8607674831588122,0.0010000000000000564,0,0
2021-06-30,0.48200000000000004,0.502,0,183678054,160621156,0,333239062,0.5511900462617435,0.48199978428699336,0,0.497,0.416,0.09086016494337025,0.9016853685416331,0.8630709256755691,0.0010000000000000009,0.0010000000000000009,0
2021-07-01,0.483,0.503,0,183971236,160947832,0,333239062,0.5520698410800352,0.48298008953104066,0,0.499,0.418,0.09086016494337025,0.9038711461285176,0.8654601070737007,9.999999999999454e-4,0.0010000000000000009,0
2021-07-02,0.484,0.504,0,184279376,161282776,0,333239062,0.5529945225929126,0.48398520579199084,0,0.5,0.419,0.09086016494337025,0.9041680876974535,0.8657289416819066,0.0010000000000000009,0.0010000000000000009,0
2021-07-03,0.486,0.507,0,184461995,161468515,0,333239062,0.5535425345783742,0.48454258042534043,0,0.501,0.42,0.09086016494337025,0.9050794992323488,0.8667968863155767,0.0020000000000000018,0.0030000000000000027,0
2021-07-04,0.48700000000000004,0.507,0,184489757,161495284,0,333239062,0.5536258441394845,0.4846229101437094,0,0.501,0.42,0.09086016494337025,0.9049433029607167,0.8666532085234142,0.0010000000000000564,0,0
2021-07-05,0.48700000000000004,0.507,0,184691950,161700326,0,333239062,0.554232594737048,0.48523821015916796,0,0.502,0.421,0.09086016494337025,0.9057569056149983,0.8676151036454929,0,0,0
2021-07-06,0.48700000000000004,0.508,0,184967931,162029930,0,333239062,0.5550607719571603,0.4862273018881562,0,0.503,0.422,0.09086016494337025,0.9062070775176698,0.8679068377305352,0,0.0010000000000000009,0
2021-07-07,0.488,0.508,0,185251853,162340324,0,333239062,0.5559127789166566,0.48715874731396286,0,0.505,0.424,0.09086016494337025,0.9084158867226013,0.8703528415281467,9.999999999999454e-4,0,0
2021-07-08,0.489,0.509,0,185542075,162642542,0,333239062,0.5567836912228495,0.4880656578009453,0,0.506,0.425,0.09086016494337025,0.908790986475709,0.8707844799302263,0.0010000000000000009,0.0010000000000000009,0
2021-07-09,0.49,0.51,0,185865788,162978667,0,333239062,0.557755104952252,0.489074318064189,0,0.508,0.427,0.09086016494337025,0.9107939945139338,0.8730779438391161,0.0010000000000000009,0.0010000000000000009,0
2021-07-10,0.491,0.514,0,186078200,163181907,0,333239062,0.558392521222497,0.4896842105503226,0,0.509,0.428,0.09086016494337025,0.9115451598199036,0.8740326740758091,0.0010000000000000009,0.0040000000000000036,0
2021-07-11,0.49200000000000005,0.514,0,186195249,163288065,0,333239062,0.5587437675598786,0.49000277464470837,0,0.509,0.428,0.09086016494337025,0.9109721298957527,0.873464441727569,0.0010000000000000564,0,0
2021-07-12,0.49200000000000005,0.514,0,186471384,163553677,0,333239062,0.559572406910688,0.49079983606483685,0,0.511,0.43,0.09086016494337025,0.913197280082396,0.8761209120355026,0,0,0
2021-07-13,0.494,0.515,0,186753714,163816452,0,333239062,0.5604196365190826,0.4915883840772544,0,0.512,0.431,0.09086016494337025,0.913601106449749,0.876749764559667,0.0019999999999999463,0.0010000000000000009,0
2021-07-14,0.494,0.516,0,187038276,164079975,0,333239062,0.5612735640217352,0.49237917672448617,0,0.513,0.432,0.09086016494337025,0.9139928065098291,0.8773726031101601,0,0.0010000000000000009,0
2021-07-15,0.495,0.517,0,187337081,164339340,0,333239062,0.562170232612166,0.49315749184289803,0,0.515,0.434,0.09086016494337025,0.9160926177236635,0.8800434084011778,0.0010000000000000009,0.0010000000000000009,0
2021-07-16,0.49700000000000005,0.517,0,187685685,164632470,0,333239062,0.5632163404661126,0.49403713061705834,0,0.516,0.435,0.09086016494337025,0.9161666005161768,0.8805006203818724,0.0020000000000000573,0,0
2021-07-17,0.498,0.519,0,187910334,164818102,0,333239062,0.5638904781216795,0.49459418415959894,0,0.517,0.436,0.09086016494337025,0.9168447066567399,0.8815307861754166,9.999999999999454e-4,0.0020000000000000018,0
2021-07-18,0.499,0.519,0,188046212,164921541,0,333239062,0.5642982274388949,0.4949045889464183,0,0.518,0.436,0.09086016494337025,0.9179543277159978,0.8809778889465991,0.0010000000000000009,0,0
2021-07-19,0.5,0.52,0,188386926,165166335,0,333239062,0.5653206585967404,0.4956391786986845,0,0.52,0.438,0.09086016494337025,0.9198319433271075,0.8837073799330838,0.0010000000000000009,0.0010000000000000009,0
2021-07-20,0.501,0.52,0,188759971,165415712,0,333239062,0.5664401101933242,0.4963875213404604,0,0.521,0.439,0.09086016494337025,0.9197794976457165,0.8843896776746335,0.0010000000000000009,0,0
2021-07-21,0.503,0.521,0,189148116,165675673,0,333239062,0.5676048746050065,0.49716762496468675,0,0.523,0.44,0.09086016494337025,0.9214156244939813,0.8850133796046207,0.0020000000000000018,0.0010000000000000009,0
2021-07-22,0.504,0.522,0,189565236,165925791,0,333239062,0.5688565886072504,0.49791819123533604,0,0.525,0.441,0.09086016494337025,0.922903962992455,0.885687664686197,0.0010000000000000009,0.0010000000000000009,0
2021-07-23,0.506,0.523,0,190054028,166204725,0,333239062,0.5703233794362319,0.49875522996160637,0,0.527,0.443,0.09086016494337025,0.9240371673364376,0.8882112374723402,0.0020000000000000018,0.0010000000000000009,0
2021-07-24,0.508,0.526,0,190356448,166375472,0,333239062,0.5712308960946482,0.4992676158715151,0,0.528,0.443,0.09086016494337025,0.9243197516272209,0.887299688418014,0.0020000000000000018,0.0030000000000000027,0
2021-07-25,0.51,0.526,0,190558461,166437190,0,333239062,0.5718371065394489,0.49945282225047194,0,0.529,0.444,0.09086016494337025,0.9250886204312911,0.8889728523294583,0.0020000000000000018,0,0
2021-07-26,0.511,0.527,0,191005829,166652700,0,333239062,0.5731795902126264,0.5000995351499339,0,0.531,0.445,0.09086016494337025,0.9264112139844696,0.889822862695894,0.0010000000000000009,0.0010000000000000009,0
2021-07-27,0.512,0.527,0,191486546,166897073,0,333239062,0.5746221491885006,0.5008328615449049,0,0.533,0.446,0.09086016494337025,0.9275660549331753,0.8905166458611291,0.0010000000000000009,0,0
2021-07-28,0.514,0.528,0,191977803,167149270,0,333239062,0.5760963371094833,0.5015896665799642,0,0.535,0.447,0.09086016494337025,0.9286641235809955,0.8911666842098682,0.0020000000000000018,0.0010000000000000009,0
2021-07-29,0.516,0.529,0,192475423,167395484,0,333239062,0.5775896194306297,0.5023285175373589,0,0.537,0.449,0.09086016494337025,0.9297258502141336,0.8938373680260095,0.0020000000000000018,0.0010000000000000009,0
2021-07-30,0.516,0.529,0,193050373,167679978,0,333239062,0.5793149573803565,0.5031822409823011,0,0.54,0.45,0.09086016494337025,0.9321354353456754,0.894308191643489,0,0,0
2021-07-31,0.519,0.5329999999999999,0,193396711,167856762,0,333239062,0.5803542653111897,0.5037127430157032,0,0.541,0.451,0.09086016494337025,0.9321892373960796,0.8953515793543069,0.0030000000000000027,0.0039999999999998925,0
2021-08-01,0.521,0.534,0,193621446,167953292,0,333239062,0.5810286610397433,0.5040024149389786,0,0.542,0.451,0.09086016494337025,0.9328283376418954,0.8948369821890719,0.0020000000000000018,0.001000000000000112,0
2021-08-02,0.522,0.534,0,194126223,168185927,0,333239062,0.5825434204349069,0.5047005173721201,0,0.545,0.452,0.09086016494337025,0.935552580085999,0.8955806155172543,0.0010000000000000009,0,0
2021-08-03,0.523,0.535,0,194663311,168434725,0,333239062,0.5841551402518352,0.5054471225225091,0,0.547,0.454,0.09086016494337025,0.9363950812179497,0.8982146297208013,0.0010000000000000009,0.0010000000000000009,0
2021-08-04,0.525,0.536,0,195214570,168685391,0,333239062,0.5858093850954363,0.5061993332582361,0,0.549,0.455,0.09086016494337025,0.9371649105801889,0.8988553917511447,0.0020000000000000018,0.0010000000000000009,0
2021-08-05,0.527,0.537,0,195773129,168945095,0,333239062,0.5874855361344163,0.5069786656643512,0,0.552,0.456,0.09086016494337025,0.9395976003632246,0.8994461323189051,0.0020000000000000018,0.0010000000000000009,0
2021-08-06,0.529,0.5379999999999999,0,196398097,169250820,0,333239062,0.5893609705335204,0.5078961001276615,0,0.554,0.457,0.09086016494337025,0.9400011668544834,0.8997903309065209,0.0020000000000000018,9.999999999998899e-4,0
2021-08-07,0.532,0.542,0,196779818,169437396,0,333239062,0.5905064574932695,0.5084559864713579,0,0.556,0.458,0.09086016494337025,0.9415646398859868,0.9007662652936428,0.0030000000000000027,0.004000000000000115,0
2021-08-08,0.534,0.542,0,197017535,169553189,0,333239062,0.5912198102394131,0.508803463742795,0,0.557,0.459,0.09086016494337025,0.9421199871067315,0.902116500197469,0.0020000000000000018,0,0
2021-08-09,0.535,0.5429999999999999,0,197537608,169835023,0,333239062,0.5927804706160168,0.5096492049302431,0,0.559,0.46,0.09086016494337025,0.9430135230654408,0.9025816101546971,0.0010000000000000009,9.999999999998899e-4,0
2021-08-10,0.535,0.5429999999999999,0,198067370,170124287,0,333239062,0.5943702062155006,0.5105172424233987,0,0.561,0.461,0.09086016494337025,0.9438561928802307,0.9030057394568244,0,0,0
2021-08-11,0.535,0.5429999999999999,0,198565503,170415060,0,333239062,0.5958650279720209,0.5113898081972155,0,0.564,0.463,0.09086016494337025,0.9465230774149122,0.9053758846547952,0,0,0
2021-08-12,0.54,0.545,0,199078994,170723189,0,333239062,0.5974059367625996,0.5123144567007574,0,0.566,0.464,0.09086016494337025,0.9474294866689953,0.9056937471335543,0.0050000000000000044,0.002000000000000113,0
2021-08-13,0.542,0.546,5.476763117775672e-5,199659616,171106320,13352,333239062,0.5991482955260509,0.513464174857148,4.0067331602319775e-5,0.568,0.466,0.09086016494337025,0.9480123773051832,0.9075608831514816,0.0020000000000000018,0.0010000000000000009,5.476763117775672e-5
2021-08-14,0.545,0.5479999999999999,2.0068612365210645e-4,200022153,171345088,48926,333239062,0.6002362142046841,0.5141806814952564,1.4681952261646924e-4,0.57,0.467,0.09086016494337025,0.9496261413604521,0.9082410460111935,0.0030000000000000027,0.0019999999999998908,1.4591849247434975e-4
2021-08-15,0.547,0.55,3.3386433284019856e-4,200234073,171504271,81394,333239062,0.6008721540573776,0.5146583655910063,2.442510776242672e-4,0.571,0.467,0.09086016494337025,0.9502853413065216,0.9073980551423119,0.0020000000000000018,0.002000000000000113,1.331782091880921e-4
2021-08-16,0.5479999999999999,0.55,6.567972893256396e-4,200699205,171852754,160123,333239062,0.6022679448065426,0.5157041103422624,4.805048935109534e-4,0.573,0.469,0.09086016494337025,0.9514037812257401,0.9094362263056894,9.999999999998899e-4,0,3.2293295648544104e-4
2021-08-17,0.5489999999999999,0.551,0.0010590268190531712,201190046,172210766,258184,333239062,0.6037408843744735,0.5167784501806094,7.747711161184339e-4,0.575,0.47,0.09086016494337025,0.9523953319738293,0.9094806484978992,0.0010000000000000009,0.0010000000000000009,4.0222952972753163e-4
2021-08-18,0.551,0.552,0.0015294943889449602,201677900,172583519,372881,333239062,0.6052048604073913,0.5178970255293781,0.0011189594573999852,0.577,0.472,0.09086016494337025,0.953396176646028,0.9113780862470419,0.002000000000000113,0.0010000000000000009,4.7046756989178895e-4
2021-08-19,0.5529999999999999,0.5539999999999999,0.001990593379626893,202159248,172958730,485294,333239062,0.6066493129187838,0.5190229769642072,0.0014562938602918046,0.58,0.473,0.09086016494337025,0.956071304539083,0.9113276694735212,0.0019999999999998908,0.0019999999999998908,4.610989906819328e-4
2021-08-20,0.555,0.555,0.002480142661639632,202698746,173429229,604643,333239062,0.6082682647810358,0.5204348732682484,0.001814442149642109,0.582,0.475,0.09086016494337025,0.9568146715816386,0.9126982537067037,0.002000000000000113,0.001000000000000112,4.895492820127388e-4
2021-08-21,0.557,0.556,0.0027273435349588863,203020988,173721317,664909,333239062,0.609235264262027,0.5213113851580821,0.0019952912963126755,0.583,0.476,0.09086016494337025,0.9569373839615044,0.9130819190830795,0.0020000000000000018,0.0010000000000000009,2.472008733192545e-4
2021-08-22,0.5579999999999999,0.557,0.0028541064823763064,203205419,173897581,695813,333239062,0.6097887137853005,0.5218403267501696,0.0020880295239817954,0.584,0.477,0.09086016494337025,0.9577087715756241,0.9140727068193086,9.999999999998899e-4,0.0010000000000000009,1.2676294741742e-4
2021-08-23,0.5589999999999999,0.5579999999999999,0.003243886958731722,203648500,174295847,790839,333239062,0.6111183328201782,0.5230354627513626,0.002373188170839348,0.586,0.479,0.09086016494337025,0.958897759286221,0.9158078832365982,0.0010000000000000009,9.999999999998899e-4,3.897804763554158e-4
2021-08-24,0.56,0.5589999999999999,0.003647589045349069,204111171,174702727,889259,333239062,0.6125067384807367,0.5242564480631026,0.002668531698123673,0.588,0.48,0.09086016494337025,0.9599894385790378,0.9155824439992856,0.001000000000000112,0.0010000000000000009,4.037020866173467e-4
2021-08-25,0.561,0.561,0.0040621650827043,204581656,175117154,990330,333239062,0.6139185927728965,0.5255000807798457,0.002971830475264031,0.59,0.482,0.09086016494337025,0.9610394715936799,0.9172215526298468,0.0010000000000000009,0.002000000000000113,4.145760373552316e-4
2021-08-26,0.563,0.562,0.004507685323894538,205059061,175541743,1098945,333239062,0.6153512129379358,0.5267742081208955,0.0032977676548615422,0.593,0.484,0.09086016494337025,0.9636773074173006,0.9187997296346773,0.0019999999999998908,0.0010000000000000009,4.455202411902375e-4
2021-08-27,0.564,0.563,0.005014577142202929,205595323,176070744,1222522,333239062,0.6169604540538528,0.5283616600745323,0.003668603532439423,0.595,0.486,0.09086016494337025,0.9644054105744418,0.9198245003837775,0.0010000000000000009,9.999999999998899e-4,5.068918183083913e-4
2021-08-28,0.5660000000000001,0.5660000000000001,0.005272012080814912,205915626,176405400,1285283,333239062,0.6179216348892496,0.5293659120910621,0.0038569397965716274,0.597,0.487,0.09086016494337025,0.9661419285100782,0.91996856782162,0.002000000000000113,0.0030000000000001137,2.5743493861198237e-4
2021-08-29,0.568,0.5670000000000001,0.005415190550998463,206110136,176607496,1320189,333239062,0.6185053299663891,0.5299723716063035,0.003961687420666189,0.597,0.488,0.09086016494337025,0.965230162256552,0.9208027175471645,0.0019999999999998908,0.0010000000000000009,1.431784701835517e-4
2021-08-30,0.568,0.568,0.0058159434220064025,206528534,177030039,1417890,333239062,0.6197608790532486,0.5312403592109499,0.004254873337748142,0.6,0.49,0.09086016494337025,0.9681153171793684,0.9223696797581341,0,9.999999999998899e-4,4.0075287100793926e-4
2021-08-31,0.569,0.569,0.006254388006831928,206949577,177443008,1524780,333239062,0.6210243653848719,0.5324796166903146,0.00457563405336917,0.602,0.491,0.09086016494337025,0.9693661530122384,0.9221010243581985,0.0010000000000000009,0.0010000000000000009,4.384445848255253e-4
2021-09-01,0.5710000000000001,0.5710000000000001,0.006730282297518217,207376701,177842351,1640800,333239062,0.6223060998773307,0.5336779846055383,0.004923792517457032,0.604,0.493,0.09086016494337025,0.9705834477905019,0.9237780351093086,0.002000000000000113,0.002000000000000113,4.758942906862894e-4
2021-09-02,0.5720000000000001,0.573,0.007188551025654266,207781890,178234966,1752523,333239062,0.6235220107539494,0.53485616281082915,0.005259056334758258,0.606,0.495,0.09086016494337025,0.9718983284443123,0.9254824650399968,0.0010000000000000009,0.0019999999999998908,4.582687281360484e-4
2021-09-03,0.574,0.574,0.007666689017228379,208238159,178715135,1869090,333239062,0.6248912049812456,0.5362970773216257,0.0056088562630751855,0.608,0.496,0.09086016494337025,0.9729693667528053,0.9248605315492725,0.0019999999999998908,0.0010000000000000009,4.781379915741136e-4
2021-09-04,0.5770000000000001,0.5770000000000001,0.007845409842426555,208485925,178987652,1912661,333239062,0.6256347132557947,0.5371148596019034,0.005739606240999442,0.609,0.497,0.09086016494337025,0.9734114605482361,0.9253141876736838,0.0030000000000001137,0.0030000000000001137,1.7872082519817568e-4
2021-09-05,0.578,0.578,0.007955564481078342,208655345,179157981,1939516,333239062,0.6261431170395024,0.5376259911570631,0.005820194032355066,0.61,0.498,0.09086016494337025,0.9742181673802797,0.9262945024815835,9.999999999998899e-4,9.999999999998899e-4,1.1015463865178717e-4
2021-09-06,0.578,0.578,0.008001435243470557,208737689,179242511,1950699,333239062,0.6263902189233745,0.5378796528961541,0.005853752523166087,0.61,0.499,0.09086016494337025,0.9738338524002726,0.9277168179037617,0,0,4.587076239221527e-5
2021-09-07,0.579,0.579,0.008372708263873752,209094660,179712690,2041213,333239062,0.6274614348782437,0.5392905889286173,0.006125371340770369,0.612,0.501,0.09086016494337025,0.9753587487313162,0.9289982252338441,0.0010000000000000009,0.0010000000000000009,3.7127302040319485e-4
2021-09-08,0.58,0.58,0.008757931607347315,209463365,180106049,2135128,333239062,0.6285678627915475,0.5404709997653276,0.006407196044742197,0.614,0.502,0.09086016494337025,0.9768237231746946,0.9288194930310197,0.0010000000000000009,0.0010000000000000009,3.852233434735626e-4
2021-09-09,0.58,0.581,0.009148852392380639,209838127,180495222,2230432,333239062,0.6296924668453184,0.541638849049455,0.006693188927533351,0.616,0.504,0.09086016494337025,0.9782553110188598,0.9305093253271824,0,0.0010000000000000009,3.9092078503332427e-4
2021-09-10,0.5820000000000001,0.584,0.009577780732124348,210290164,180985437,2335002,333239062,0.6310489614809923,0.5431099100861111,0.007006987674212094,0.618,0.506,0.09086016494337025,0.9793217923212043,0.9316714547148895,0.002000000000000113,0.0030000000000000027,4.2892833974370916e-4
2021-09-11,0.5820000000000001,0.584,0.00977370873323555,210550885,181279710,2382768,333239062,0.631831345750217,0.5439929788303149,0.007150326212357422,0.619,0.507,0.09086016494337025,0.9796918183364557,0.9319973229988067,0,0,1.9592800111120114e-4
2021-09-12,0.585,0.5870000000000001,0.00986516723176539,210709128,181449982,2405065,333239062,0.6323062090482058,0.5445039393370997,0.0072172361354204025,0.62,0.508,0.09086016494337025,0.98053757993816,0.9329592741210633,0.0029999999999998916,0.0030000000000001137,9.14584985298398e-5
2021-09-13,0.586,0.588,0.010169342520682235,211048549,181826476,2479221,333239062,0.6333247601087054,0.5456337408607878,0.007439767070284215,0.622,0.509,0.09086016494337025,0.982118557773169,0.9328601988524489,0.0010000000000000009,9.999999999998899e-4,3.041752889168456e-4
2021-09-14,0.588,0.589,0.010467484017997639,211366646,182197422,2551906,333239062,0.6342793210719097,0.546746893675988,0.007657883756736778,0.624,0.511,0.09086016494337025,0.983793699825279,0.9346189359474033,0.0020000000000000018,0.0010000000000000009,2.9814149731540417e-4
2021-09-15,0.589,0.591,0.010776569197157129,211680957,182579192,2627259,333239062,0.6352225208220037,0.5478925276773225,0.007884006707472968,0.625,0.513,0.09086016494337025,0.9839071813625636,0.9363150145061437,0.0010000000000000009,0.0020000000000000018,3.0908517915948994e-4
2021-09-16,0.591,0.593,0.011086499353250606,211993649,182963893,2702818,333239062,0.6361608621980817,0.5490469571661439,0.008110747833037652,0.627,0.515,0.09086016494337025,0.9855997708403048,0.9379889885158927,0.0020000000000000018,0.0020000000000000018,3.099301560934766e-4
2021-09-17,0.5920000000000001,0.594,0.011447882862062312,212346989,183436005,2790921,333239062,0.6372211820713863,0.5504636938391094,0.008375131604469586,0.628,0.517,0.09086016494337025,0.9855290716460312,0.9392081726485485,0.001000000000000112,0.0010000000000000009,3.6138350881170615e-4
2021-09-18,0.593,0.595,0.01164245315751744,212553809,183706605,2838356,333239062,0.6378418175958015,0.5512757234924638,0.008517476861701165,0.629,0.518,0.09086016494337025,0.9861379148373672,0.9396386924465782,9.999999999998899e-4,0.0010000000000000009,1.9457029545512892e-4
2021-09-19,0.595,0.597,0.011735240648894914,212673961,183868235,2860977,333239062,0.6382023755666435,0.5517607506649386,0.00858535905973712,0.63,0.519,0.09086016494337025,0.9871476887572522,0.9406250795739678,0.0020000000000000018,0.0020000000000000018,9.278749137747386e-5
2021-09-20,0.596,0.598,0.012078190534690381,212941336,184212335,2944586,333239062,0.6390047274829984,0.5527933426964213,0.00883625701719206,0.631,0.52,0.09086016494337025,0.987473132609631,0.9406770303411007,0.0010000000000000009,0.0010000000000000009,3.4294988579546687e-4
2021-09-21,0.596,0.598,0.01243300701402968,213205200,184548046,3031088,333239062,0.6397965434196307,0.5538007606083106,0.009095836429884081,0.633,0.522,0.09086016494337025,0.9893770238530768,0.9425772536437477,0,0,3.548164793392983e-4
2021-09-22,0.597,0.599,0.012775378541826638,213461828,184877470,3114556,333239062,0.6405666452151999,0.5547893121845362,0.009346311267674856,0.634,0.523,0.09086016494337025,0.9897486931855564,0.942700208013448,0.0010000000000000009,0.0010000000000000009,3.423715277969582e-4
2021-09-23,0.598,0.601,0.013186049637234505,213719943,185199460,3214675,333239062,0.6413412092727593,0.5557555554516596,0.009646753236869933,0.635,0.525,0.09086016494337025,0.9901125809770593,0.9446599226045259,0.0010000000000000009,0.0020000000000000018,4.10671095407867e-4
2021-09-24,0.598,0.602,0.014226782295483843,214046508,185604510,3468399,333239062,0.6423211814226029,0.5569710492103114,0.01040814056786656,0.637,0.527,0.09086016494337025,0.9917156999076108,0.9461892153051669,0,0.0010000000000000009,0.0010407326582493378
2021-09-25,0.6,0.604,0.015200253149055761,214254736,185829489,3705725,333239062,0.6429460421419624,0.5576461771459433,0.011120319982175438,0.637,0.528,0.09086016494337025,0.9907518800144516,0.9468369400509948,0.0020000000000000018,0.0020000000000000018,9.734708535719186e-4
2021-09-26,0.602,0.607,0.0157772288309279,214377402,185972251,3846388,333239062,0.6433141442463909,0.5580745843054857,0.0115424283603343,0.638,0.528,0.09086016494337025,0.9917394257627957,0.9461100986297145,0.0020000000000000018,0.0030000000000000027,5.76975681872139e-4
2021-09-27,0.602,0.608,0.0178268311337216,214684693,186190323,4346068,333239062,0.6442362780387373,0.5587289853792711,0.013041892429765632,0.639,0.529,0.09086016494337025,0.991872115530845,0.9467917610197175,0,0.0010000000000000009,0.002049602302793701
2021-09-28,0.603,0.608,0.019996424262971484,214984386,186488413,4875001,333239062,0.6451356113827976,0.5596235083628941,0.014629140325692071,0.64,0.531,0.09086016494337025,0.9920394855094268,0.9488522052144871,0.0010000000000000009,0,0.0021695931292498825
2021-09-29,0.604,0.61,0.02217306023394786,215280990,186793237,5405651,333239062,0.6460256751052792,0.560538239061542,0.016221540678805536,0.641,0.532,0.09086016494337025,0.992220626363712,0.9490877926378031,0.0010000000000000009,0.0020000000000000018,0.0021766359709763754
2021-09-30,0.605,0.61,0.02440401673665634,215578554,187103755,5949544,333239062,0.6469186196424955,0.5614700565925852,0.01785368127101498,0.642,0.534,0.09086016494337025,0.9923968494751106,0.9510747612093622,0.0010000000000000009,0,0.0022309565027084817
2021-10-01,0.605,0.611,0.026834256537233314,215901298,187470940,6542021,333239062,0.6478871255495252,0.5625719232158923,0.019631615095591644,0.643,0.535,0.09086016494337025,0.9924568256463191,0.9509895142681849,0,0.0010000000000000009,0.0024302398005769735
2021-10-02,0.606,0.612,0.027841157303484892,216079352,187673829,6787497,333239062,0.6484214386607534,0.5631807624041386,0.02036825142665898,0.644,0.536,0.09086016494337025,0.9931812269040866,0.9517370545682211,0.0010000000000000009,0.0010000000000000009,0.0010069007662515776
2021-10-03,0.607,0.613,0.02836087554350485,216188323,187801561,6914201,333239062,0.6487484441424817,0.5635640668079902,0.020748470958065535,0.644,0.537,0.09086016494337025,0.9926806080456066,0.9528641580034578,0.0010000000000000009,0.0010000000000000009,5.197182400199576e-4
2021-10-04,0.608,0.615,0.03029225901030588,216443096,188050800,7385060,333239062,0.6495129793637457,0.564311995332648,0.022161447567632393,0.645,0.538,0.09086016494337025,0.9930517487607922,0.953373319103136,0.0010000000000000009,0.0020000000000000018,0.0019313834668010302
2021-10-05,0.608,0.615,0.03236927794332667,216694450,188301699,7891424,333239062,0.650267254683366,0.565064905266118,0.02368096930965434,0.646,0.539,0.09086016494337025,0.9934376909607053,0.9538727232514242,0,0,0.002077018933020789
2021-10-06,0.609,0.616,0.0344820648319998,216949561,188553983,8406508,333239062,0.6510328041914846,0.5658219713750124,0.025226658452183495,0.647,0.54,0.09086016494337025,0.9938055284380134,0.954363788114728,0.0010000000000000009,0.0010000000000000009,0.0021127868886731335
2021-10-07,0.61,0.617,0.03652205654762682,217204607,188801243,8903845,333239062,0.6517981586444389,0.5665639612201285,0.026719091533152856,0.648,0.542,0.09086016494337025,0.9941727993642419,0.9566439750823039,0.0010000000000000009,0.0010000000000000009,0.002039991715627021
2021-10-08,0.611,0.618,0.038744333578527926,217495397,189104191,9445622,333239062,0.6526707754326833,0.5674730623266488,0.02834488232955115,0.649,0.543,0.09086016494337025,0.9943757625270571,0.9568736140067885,0.0010000000000000009,0.0010000000000000009,0.002222277030901103
2021-10-09,0.611,0.619,0.03964041520970389,217646665,189269098,9664081,333239062,0.6531247078111149,0.5679679232802546,0.029000444731776372,0.65,0.544,0.09086016494337025,0.9952157562349968,0.9578005688387653,0,0.0010000000000000009,8.960816311759656e-4
2021-10-10,0.612,0.62,0.040104159880591767,217742093,189371715,9777139,333239062,0.6534110727991426,0.5682758613694573,0.029339714682068096,0.65,0.544,0.09086016494337025,0.9947795913764824,0.9572815545764056,0.0010000000000000009,0.0010000000000000009,4.637446708878751e-4
2021-10-11,0.612,0.621,0.041755700112711,217974309,189588364,10179774,333239062,0.6541079178766864,0.5689259922355681,0.030547961391152876,0.651,0.545,0.09086016494337025,0.9952486160284145,0.9579453346092487,0,0.0010000000000000009,0.0016515402321192335
2021-10-12,0.613,0.621,0.043628993466215196,218208873,189815790,10636471,333239062,0.6548118089469355,0.569608463247925,0.03191843998168498,0.652,0.546,0.09086016494337025,0.9957059281636087,0.9585531733266237,0.0010000000000000009,0,0.0018732933535041962
2021-10-13,0.613,0.622,0.04544539444071733,218440840,190038424,11079298,333239062,0.6555079068131574,0.5702765541933976,0.03324729680099748,0.653,0.547,0.09086016494337025,0.996174101353941,0.9591837433570803,0,0.0010000000000000009,0.0018164009745021345
2021-10-14,0.616,0.627,0.047298728290528363,218672373,190260684,11531129,333239062,0.6562027023110514,0.5709435228214632,0.034603173261842875,0.654,0.548,0.09086016494337025,0.9966432593110426,0.9598147243915092,0.0030000000000000027,0.0050000000000000044,0.0018533338498110327
2021-10-15,0.617,0.628,0.04936770353535716,218940415,190530918,12035532,333239062,0.6570070557934772,0.5717544541642,0.03611681033959938,0.655,0.549,0.09086016494337025,0.9969451533651291,0.9602024015755806,0.0010000000000000009,0.0010000000000000009,0.002068975244828797
2021-10-16,0.618,0.629,0.050207803393741486,219084419,190672124,12240343,333239062,0.6574391900070826,0.5721781920031932,0.03673141715901241,0.655,0.55,0.09086016494337025,0.9962898621740874,0.9612390120540117,0.0010000000000000009,0.0010000000000000009,8.400998583843258e-4
2021-10-17,0.62,0.631,0.0506154801534124,219170254,190754464,12339732,333239062,0.6576967678537038,0.5724252818836707,0.03702966850866961,0.656,0.55,0.09086016494337025,0.9974201365482745,0.9608240890236781,0.0020000000000000018,0.0020000000000000018,4.0767675967091216e-4
2021-10-18,0.62,0.632,0.052226363048785536,219398804,190960920,12732455,333239062,0.6583826118199793,0.5730448250991655,0.03820817080561822,0.656,0.551,0.09086016494337025,0.99638111369103,0.9615303652810221,0,0.0010000000000000009,0.0016108828953731377
2021-10-19,0.62,0.632,0.05395842630125009,219605904,191149423,13154721,333239062,0.6590040875820254,0.5736104940782722,0.03947532717517972,0.657,0.552,0.09086016494337025,0.9969589147931105,0.9623254903782786,0,0,0.0017320632524645552
2021-10-20,0.621,0.634,0.055728784236509385,219813141,191339409,13586323,333239062,0.659625974460341,0.5741806133159744,0.040770499468036556,0.658,0.553,0.09086016494337025,0.9975350054071609,0.9631115840124708,0.0010000000000000009,0.0020000000000000018,0.0017703579352592938
2021-10-21,0.622,0.634,0.05756029635190867,220024930,191531397,14032834,333239062,0.6602615212018572,0.5747567402527378,0.04211041141389361,0.659,0.554,0.09086016494337025,0.9980893613191923,0.9638860429133717,0.0010000000000000009,0,0.0018315121153992878
2021-10-22,0.623,0.635,0.06092972801461416,220329266,191771678,14854280,333239062,0.6611747874863482,0.5754777871749021,0.04457544656034352,0.66,0.555,0.09086016494337025,0.9982231816630298,0.9644160250295146,0.0010000000000000009,0.0010000000000000009,0.003369431662705487
2021-10-23,0.624,0.636,0.06301310068195896,220514002,191903276,15362193,333239062,0.6617291522684696,0.5758726928597584,0.04609961661697391,0.66,0.555,0.09086016494337025,0.9973869184052994,0.9637546750895489,0.0010000000000000009,0.0010000000000000009,0.0020833726673448044
2021-10-24,0.625,0.637,0.06415032888570386,220627575,191982136,15639442,333239062,0.6620699676558326,0.5761093397868224,0.04693159891321504,0.661,0.556,0.09086016494337025,0.9983839054660326,0.9650945777163351,0.0010000000000000009,0.0010000000000000009,0.0011372282037449
2021-10-25,0.626,0.637,0.06822334740999716,220945050,192182746,16632418,333239062,0.6630226620911567,0.5767113400409223,0.04991136963409169,0.661,0.557,0.09086016494337025,0.9969493318904407,0.9658211332561563,0.0010000000000000009,0,0.004073018524293301
2021-10-26,0.626,0.638,0.07246987333384253,221257518,192380750,17667694,333239062,0.6639603312771298,0.5773055200833569,0.05301807625421776,0.662,0.557,0.09086016494337025,0.9970475174723781,0.9648270813685881,0,0.0010000000000000009,0.004246525923845362
2021-10-27,0.628,0.639,0.07690446405111727,221578673,192583847,18748819,333239062,0.6649240688356036,0.5779149834481289,0.056262368785565724,0.663,0.558,0.09086016494337025,0.9971063329998372,0.965539942693117,0.0020000000000000018,0.0010000000000000009,0.004434590717274742
2021-10-28,0.629,0.64,0.08131382441343586,221889969,192787992,19823793,333239062,0.6658582210269215,0.5785275917023197,0.059488203096670585,0.664,0.559,0.09086016494337025,0.997209284246644,0.9662460494842439,0.0010000000000000009,0.0010000000000000009,0.004409360362318593
2021-10-29,0.63,0.6409999999999999,0.08619951796222686,222233453,193021128,21014894,333239062,0.6668889645356162,0.5792271975606509,0.06306251696267229,0.665,0.56,0.09086016494337025,0.9971674976854182,0.966805430336103,0.0010000000000000009,9.999999999998899e-4,0.004885693548790995
2021-10-30,0.63,0.642,0.08834620647400394,222409512,193138238,21538243,333239062,0.6674172909537238,0.5795786269498022,0.06463300811955833,0.665,0.56,0.09086016494337025,0.9963781415517876,0.9662192047128441,0,0.001000000000000112,0.0021466885117770867
2021-10-31,0.632,0.642,0.08941228023661339,222515148,193207140,21798145,333239062,0.6677342886050975,0.5797853914256906,0.06541293469371247,0.665,0.56,0.09086016494337025,0.9959051247603152,0.9658746292709474,0.0020000000000000018,0,0.0010660737626094485
2021-11-01,0.633,0.644,0.09327840246697273,222812650,193397458,22740681,333239062,0.6686270470896957,0.5803565069451552,0.06824134260706807,0.666,0.561,0.09086016494337025,0.9960709829177113,0.9666472130259335,0.0010000000000000009,0.0020000000000000018,0.0038661222303593423
2021-11-02,0.633,0.644,0.09739511778387663,223111142,193581608,23744310,333239062,0.6695227764144889,0.580909113229949,0.07125308136895428,0.667,0.562,0.09086016494337025,0.9962319782039394,0.9674491021068491,0,0,0.004116715316903899
2021-11-03,0.634,0.645,0.1016342152939965,223433780,193769150,24777775,333239062,0.6704909642315582,0.5814718983934722,0.0743543534521172,0.668,0.563,0.09086016494337025,0.9962848653234082,0.9682325174363411,0.0010000000000000009,0.0010000000000000009,0.00423909751011986
2021-11-04,0.635,0.645,0.106002495831102,223794689,193957659,25842734,333239062,0.6715739975285371,0.582037585377671,0.07755013426367165,0.669,0.563,0.09086016494337025,0.9961672168100468,0.9672914845089978,0.0010000000000000009,0,0.004368280537105501
2021-11-05,0.635,0.6459999999999999,0.11091164364255583,224260089,194181308,27039553,333239062,0.6729705925051488,0.5827087221845559,0.08114160698243714,0.67,0.564,0.09086016494337025,0.9955858509447038,0.9678935264356133,0,9.999999999998899e-4,0.004909147811453837
2021-11-06,0.636,0.6459999999999999,0.1130245289751436,224653512,194296186,27554661,333239062,0.6741511953961747,0.5830534536794489,0.08268736814533466,0.67,0.565,0.09086016494337025,0.9938423377062542,0.9690363661075672,0.0010000000000000009,0,0.0021128853325877717
2021-11-07,0.638,0.648,0.11405515472482328,224883645,194364688,27805921,333239062,0.6748417897059139,0.5832590178158645,0.08344136138517878,0.671,0.565,0.09086016494337025,0.9943071253669871,0.9686948383854581,0.0020000000000000018,0.002000000000000113,0.0010306257496796728
2021-11-08,0.638,0.648,0.11731719228031666,225362481,194532948,28601185,333239062,0.6762787040854172,0.5837639406151012,0.08582782831143607,0.671,0.566,0.09086016494337025,0.9921944842362647,0.9695699933154767,0,0,0.003262037555493383
2021-11-09,0.639,0.648,0.12108375079650752,225893784,194695361,29519448,333239062,0.6778730639927201,0.5842513174520939,0.08858339662473302,0.672,0.566,0.09086016494337025,0.9913360416504422,0.9687611873402571,0.0010000000000000009,0,0.003766558516190857
2021-11-10,0.64,0.649,0.12514229806534882,226475435,194861506,30508896,333239062,0.6796185106294652,0.584749893456368,0.09155258035145952,0.673,0.567,0.09086016494337025,0.9902614326626639,0.9696453241719274,0.0010000000000000009,0.0010000000000000009,0.004058547268841306
2021-11-11,0.642,0.65,0.1287049218087045,227032827,195011650,31377441,333239062,0.6812911596780332,0.5852004528808811,0.09415895246998385,0.674,0.567,0.09086016494337025,0.9892980268796107,0.9688987717092798,0.0020000000000000018,0.0010000000000000009,0.0035626237433556696
2021-11-12,0.642,0.65,0.13327179243444623,227678745,195206147,32490815,333239062,0.6832294618570256,0.5857841089469877,0.09750001937047824,0.675,0.568,0.09086016494337025,0.9879550541707353,0.9696405063309814,0,0,0.004566870625741737
2021-11-13,0.644,0.6509999999999999,0.13539712271857632,228211253,195306405,33008957,333239062,0.6848274377869903,0.5860849680341496,0.09905488510827701,0.675,0.568,0.09086016494337025,0.9856497604436711,0.9691427540023585,0.0020000000000000018,9.999999999998899e-4,0.002125330284130089
2021-11-14,0.6459999999999999,0.652,0.13650656512741424,228453833,195365596,33279432,333239062,0.6855553836602745,0.586262591268487,0.09986653965554615,0.676,0.569,0.09086016494337025,0.9860618355744551,0.9705548477327604,0.0019999999999998908,0.001000000000000112,0.001109442408837924
2021-11-15,0.647,0.653,0.14016725131524013,228924364,195528923,34171884,333239062,0.6869673759914736,0.5867527108811752,0.1025446530635115,0.677,0.569,0.09086016494337025,0.9854907578731988,0.9697441348766594,0.001000000000000112,0.0010000000000000009,0.00366068618782589
2021-11-16,0.647,0.654,0.14424371537654582,229423756,195692473,35165700,333239062,0.6884659758164846,0.5872434996831194,0.10552694449728105,0.678,0.57,0.09086016494337025,0.9847981219346789,0.9706365422649648,0,0.0010000000000000009,0.004076464061305685
2021-11-17,0.649,0.654,0.14852495098396112,229941213,195860700,36209438,333239062,0.6900187859729362,0.5877483234543495,0.10865904429895436,0.678,0.571,0.09086016494337025,0.9825819438292691,0.971504259925549,0.0020000000000000018,0,0.004281235607415307
2021-11-18,0.65,0.655,0.15291790812900294,230457457,196027945,37280413,333239062,0.6915679560999365,0.5882502003921737,0.11187287821617983,0.679,0.571,0.09086016494337025,0.9818268674985856,0.9706754024381574,0.0010000000000000009,0.0010000000000000009,0.004392957145041815
2021-11-19,0.6509999999999999,0.6559999999999999,0.1580523079226412,231050941,196218387,38532147,333239062,0.6933489117791359,0.5888216880168748,0.11562914254031839,0.68,0.572,0.09086016494337025,0.9807471944466134,0.9714316093323098,9.999999999998899e-4,9.999999999998899e-4,0.00513439979363825
2021-11-20,0.653,0.6559999999999999,0.16072222584072707,231513772,196317333,39183056,333239062,0.6947377975754835,0.5891186099905659,0.11758242195508281,0.681,0.572,0.09086016494337025,0.9802259246244756,0.9709419975871412,0.002000000000000113,0,0.002669917918085879
2021-11-21,0.654,0.6579999999999999,0.16221954137507427,231720849,196375870,39548092,333239062,0.69535920431801,0.5892942706698652,0.11867783975457236,0.682,0.573,0.09086016494337025,0.9807880528005488,0.972349517921932,0.0010000000000000009,0.0020000000000000018,0.0014973155343472044
2021-11-22,0.655,0.6579999999999999,0.16678724057043087,232214594,196542706,40661668,333239062,0.6968408583505136,0.5897949202605786,0.12201951282650052,0.683,0.573,0.09086016494337025,0.9801377054966666,0.9715241354517627,0.0010000000000000009,0,0.0045676991953566
2021-11-23,0.655,0.6579999999999999,0.17125963375092715,232710264,196702980,41752009,333239062,0.6983282890167299,0.5902758782822405,0.12529146117930196,0.684,0.574,0.09086016494337025,0.979482015490301,0.9724266586505197,0,0,0.004472393180496276
2021-11-24,0.6559999999999999,0.659,0.17452389859998924,233118215,196850806,42547816,333239062,0.6995524882374083,0.5907194817395087,0.12767955756639357,0.685,0.574,0.09086016494337025,0.9791974319552851,0.9716964104683421,9.999999999998899e-4,0.001000000000000112,0.0032642648490620874
2021-11-25,0.6559999999999999,0.659,0.1745741542184127,233126240,196855143,42560068,333239062,0.6995765700480816,0.5907324964202426,0.12771632396444568,0.685,0.574,0.09086016494337025,0.9791637246412073,0.97167500260839,0,0,5.025561842347814e-5
2021-11-26,0.6559999999999999,0.659,0.17741329312393403,233442014,197025263,43252232,333239062,0.70052416003979745,0.5912430007980277,0.1297934033915868,0.686,0.575,0.09086016494337025,0.9792667250206298,0.9725273689902395,0,0,0.0028391389055213156
2021-11-27,0.6559999999999999,0.659,0.17928393669540252,233664855,197217814,43708283,333239062,0.7011928721609473,0.5918208172125992,0.1311619434338703,0.687,0.575,0.09086016494337025,0.9797589611582797,0.9715778547773579,0,0,0.0018706435714684888
2021-11-28,0.6559999999999999,0.659,0.18046608403703143,233808040,197360771,43996483,333239062,0.7016225486794823,0.5922498095376346,0.13202678802402823,0.687,0.575,0.09086016494337025,0.97915895276313,0.9708740986322959,0,0,0.001182147341628914
2021-11-29,0.6609999999999999,0.662,0.18421399153322793,234173095,197709770,44910199,333239062,0.7027180234950967,0.5932971027268106,0.13476871147836805,0.688,0.576,0.09086016494337025,0.979055577055084,0.970845799436214,0.0050000000000000044,0.0030000000000000027,0.0037479074961964953
2021-11-30,0.662,0.662,0.188660457047706,234587534,198087053,45994219,333239062,0.7039616922220241,0.5944292719201089,0.13802169146665044,0.689,0.577,0.09086016494337025,0.9787464397745874,0.9706789810942362,0.001000000000000112,0,0.004446465514478082
2021-12-01,0.6629999999999999,0.664,0.19365356521285798,235055500,198481414,47211507,333239062,0.7053659873763538,0.5956126896071986,0.14167458855708817,0.69,0.577,0.09086016494337025,0.9782155821922908,0.9687503474456303,9.999999999998899e-4,0.0020000000000000018,0.0049931081651519715
2021-12-02,0.664,0.665,0.19882821216026467,235512349,198861797,48473053,333239062,0.7067369220958857,0.596754161431411,0.1454602972084947,0.691,0.578,0.09086016494337025,0.9777329843625311,0.968573052952951,0.001000000000000112,0.0010000000000000009,0.005174646947406686
2021-12-03,0.6659999999999999,0.6659999999999999,0.20453505101204214,236008041,199331842,49864344,333239062,0.708224418780773,0.5981646953501507,0.14963535097214983,0.692,0.579,0.09086016494337025,0.9770914157285006,0.9679608383792491,0.0019999999999998908,9.999999999998899e-4,0.005706838851777474
2021-12-04,0.6679999999999999,0.6679999999999999,0.20738283247290287,236313118,199766957,50558615,333239062,0.7091399086941375,0.5994704096244275,0.15171875318746397,0.693,0.579,0.09086016494337025,0.9772401630534957,0.9658525103228157,0.0020000000000000018,0.0020000000000000018,0.002847781460860732
2021-12-05,0.67,0.669,0.2088381452703372,236480128,199949672,50913411,333239062,0.7096410804325215,0.6000187096913626,0.15278344229644963,0.694,0.579,0.09086016494337025,0.9779591671567429,0.9649699095180311,0.002000000000000113,0.001000000000000112,0.0014553127974343272
2021-12-06,0.6709999999999999,0.669,0.21318595767685725,236878502,200262079,51973380,333239062,0.7108365405253722,0.6009561958255663,0.1559642488730808,0.695,0.58,0.09086016494337025,0.9777212627340913,0.9651285801342349,9.999999999998899e-4,0,0.004347812406520046
2021-12-07,0.6709999999999999,0.67,0.21774871006550323,237290670,200591709,53085750,333239062,0.7120733943249427,0.6019453655766202,0.15930230292149844,0.696,0.58,0.09086016494337025,0.9774273348041875,0.9635425956712896,0,0.0010000000000000009,0.00456275238864598
2021-12-08,0.672,0.67,0.2222980494707796,237707564,200931009,54194850,333239062,0.7133244301353843,0.6029635535344293,0.1626305441947259,0.697,0.581,0.09086016494337025,0.9771149992265286,0.9635739948033605,0.001000000000000112,0,0.004549339405276381
2021-12-09,0.6729999999999999,0.6709999999999999,0.22689635241809977,238120560,201256620,55315887,333239062,0.7145637686376635,0.6039406628746302,0.1659946065986706,0.698,0.582,0.09086016494337025,0.9768197474254218,0.9636708302266032,9.999999999998899e-4,9.999999999998899e-4,0.004598302947320165
2021-12-10,0.675,0.672,0.2318986322746323,238551684,201636501,56535411,333239062,0.7158575065248504,0.6050806282728044,0.16965421358676133,0.699,0.582,0.09086016494337025,0.9764513099727268,0.9618552847433113,0.002000000000000113,0.001000000000000112,0.005002279856532538
2021-12-11,0.6759999999999999,0.672,0.2344409053518988,238820510,201956913,57155201,333239062,0.7166642126726428,0.6060421362007075,0.17151410959139,0.7,0.583,0.09086016494337025,0.976747530603632,0.9619793165782842,9.999999999998899e-4,0,0.0025422730772664826
2021-12-12,0.677,0.6729999999999999,0.23580815186402856,238975185,202081095,57488527,333239062,0.7171283689425341,0.606414787591738,0.1725143704791727,0.701,0.583,0.09086016494337025,0.9775097881480874,0.9613881652115949,0.001000000000000112,9.999999999998899e-4,0.0013672465121297717
2021-12-13,0.677,0.6729999999999999,0.23967608300131943,239329490,202348408,58431504,333239062,0.7181915846348169,0.6072169534554746,0.17534410176679707,0.702,0.583,0.09086016494337025,0.9774550621571959,0.9601181203560544,0,0,0.0038679311372908642
2021-12-14,0.6779999999999999,0.674,0.2438109981369423,239702444,202621500,59439570,333239062,0.7193107631541706,0.6080364612237446,0.1783691552942854,0.703,0.584,0.09086016494337025,0.9773244555904487,0.9604687173276281,9.999999999998899e-4,0.001000000000000112,0.004134915135622863
2021-12-15,0.6779999999999999,0.674,0.248,240086921,202870449,60460822,333239062,0.7204645204528873,0.6087835195022845,0.18143377801249483,0.704,0.585,0.09086016494337025,0.9771473542617509,0.9609327146015239,0,0,0.004189001863057706
2021-12-16,0.679,0.675,0.252,240483555,203032365,61531874,333239062,0.7216547590690313,0.6092694049174824,0.1846478429950688,0.706,0.585,0.09086016494337025,0.9783071352716821,0.9601663816997845,0.001000000000000112,0.0010000000000000009,0.0040000000000000036
2021-12-17,0.68,0.675,0.255,240921574,203273803,62707527,333239062,0.7229691878078807,0.6099939238215717,0.18817579975063067,0.707,0.586,0.09086016494337025,0.9779116619668108,0.9606653068423184,0.0010000000000000009,0,0.0030000000000000027
2021-12-18,0.6809999999999999,0.6759999999999999,0.258,241211548,203430260,63340396,333239062,0.7238393559036005,0.6104634276038143,0.19007494385517146,0.708,0.586,0.09086016494337025,0.9781175812362018,0.9599264648828546,9.999999999998899e-4,9.999999999998899e-4,0.0030000000000000027
2021-12-19,0.682,0.6759999999999999,0.265,241383180,203509146,63708905,333239062,0.7243543975645929,0.6107001525529441,0.19118078360213364,0.709,0.586,0.09086016494337025,0.9788026446498881,0.9595543697677351,0.001000000000000112,0,0.007000000000000006
2021-12-20,0.6829999999999999,0.677,0.26899999999999996,241830115,203724525,64812006,333239062,0.725695581870291,0.6113464723412287,0.19449102278411767,0.711,0.587,0.09086016494337025,0.9797496605499277,0.9601756557979457,9.999999999998899e-4,0.001000000000000112,0.003999999999999948
2021-12-21,0.6829999999999999,0.677,0.271,242304003,203955151,65995858,333239062,0.7271176480505157,0.612038546069368,0.19804358349802342,0.713,0.588,0.09086016494337025,0.9805840938005469,0.9607238037150628,0,0,0.0020000000000000573
2021-12-22,0.684,0.677,0.276,242757229,204182158,67097076,333239062,0.7284777106952726,0.6127197597261271,0.20134817208193917,0.715,0.588,0.09086016494337025,0.9814988015454732,0.9596556838036749,0.001000000000000112,0,0.0050000000000000044
2021-12-23,0.685,0.6779999999999999,0.281,243130601,204350484,67948100,333239062,0.7295981435693755,0.6132248805813767,0.20390196633070584,0.716,0.589,0.09086016494337025,0.9813621461495914,0.9604959267823413,0.0010000000000000009,9.999999999998899e-4,0.0050000000000000044
2021-12-24,0.6859999999999999,0.6779999999999999,0.28600000000000003,243235690,204404377,68155132,333239062,0.7299134997565201,0.6133866053193968,0.20452323803504163,0.717,0.589,0.09086016494337025,0.98230817794049885,0.9602426836388146,9.999999999998899e-4,0,0.0050000000000000044
2021-12-25,0.687,0.679,0.29100000000000004,243237502,204405152,68157985,333239062,0.729918937294332,0.6133889309771253,0.20453179945633143,0.717,0.589,0.09086016494337025,0.982300860226726,0.9602390428887038,0.001000000000000112,0.001000000000000112,0.0050000000000000044
2021-12-26,0.688,0.679,0.294,243371958,204484770,68406437,333239062,0.7303224194047215,0.6136278525474904,0.20527736631307647,0.717,0.589,0.09086016494337025,0.981758167282362,0.9598651651074062,9.999999999998899e-4,0,0.002999999999999947
2021-12-27,0.688,0.679,0.294,243768549,204701994,69245411,333239062,0.7315125289843721,0.6142797089015933,0.2077950003352248,0.719,0.59,0.09086016494337025,0.9828949901900593,0.9604745060763794,0,0,0
2021-12-28,0.688,0.679,0.295,244205079,204930291,70187554,333239062,0.732822489459534,0.6149647936531523,0.2106222289150484,0.721,0.591,0.09086016494337025,0.9838671852603033,0.9610306250040896,0,0,0.0010000000000000009
2021-12-29,0.6890000000000001,0.679,0.297,244642213,205153682,71112844,333239062,0.7341342624472997,0.6156351562410771,0.2133988841920339,0.723,0.591,0.09086016494337025,0.984833479355421,0.9599841627117373,0.001000000000000112,0,0.0020000000000000018
2021-12-30,0.69,0.68,0.301,245045726,205355608,71955404,333239062,0.7353451439015274,0.6162411056120426,0.21592727925755595,0.724,0.592,0.09086016494337025,0.9845716749534329,0.9606629525500954,9.999999999998899e-4,0.0010000000000000009,0.0040000000000000036
2021-12-31,0.691,0.68,0.304,245207290,205443352,72282998,333239062,0.7358299730179891,0.6165044120787977,0.21691033928069334,0.725,0.592,0.09086016494337025,0.9852819626610612,0.9602526574040711,0.0010000000000000009,0,0.0030000000000000027
2022-01-01,0.6920000000000001,0.6809999999999999,0.308,245239201,205458241,72329285,333239062,0.735925733100281,0.6165490917148242,0.21704923956363795,0.725,0.592,0.09086016494337025,0.985153755863036,0.9601830705053102,0.001000000000000112,9.999999999998899e-4,0.0040000000000000036
2022-01-02,0.6920000000000001,0.6809999999999999,0.308,245377170,205545053,72582480,333239062,0.7363397571920905,0.6168096013906077,0.21780903944568178,0.726,0.593,0.09086016494337025,0.98595789906616,0.9613987828060254,0,0,0
2022-01-03,0.6940000000000001,0.6809999999999999,0.312,245716905,205729200,73229984,333239062,0.7373592505190762,0.6173621986728555,0.21975210097068393,0.727,0.593,0.09086016494337025,0.9859508773887576,0.9605382403956269,0.0020000000000000018,0,0.0040000000000000036
2022-01-04,0.6940000000000001,0.682,0.313,246086898,205930141,73989706,333239062,0.7384695435254827,0.617965192207869,0.22203191173308487,0.729,0.594,0.09086016494337025,0.9871767988151892,0.9612191875690504,0,0.001000000000000112,0.0010000000000000009
2022-01-05,0.695,0.682,0.315,246461151,206128476,74771084,333239062,0.7395926201472743,0.6185603655312173,0.22437670887454364,0.731,0.595,0.09086016494337025,0.9883819552640164,0.9619109680411163,9.999999999998899e-4,0,0.0020000000000000018
2022-01-06,0.696,0.682,0.318,246826291,206325731,75572116,333239062,0.7406883500350268,0.619152297937989,0.22678048469599882,0.732,0.595,0.09086016494337025,0.9882698978124661,0.9609913457182905,0.0010000000000000009,0,0.0030000000000000027
2022-01-07,0.6970000000000001,0.6829999999999999,0.322,247214936,206549210,76459919,333239062,0.7418546148710501,0.619822924600598,0.22944464715844146,0.734,0.596,0.09086016494337025,0.9894121911307172,0.9615649508027652,0.001000000000000112,9.999999999998899e-4,0.0040000000000000036
2022-01-08,0.698,0.6829999999999999,0.326,247476879,206707695,76987706,333239062,0.7426406661773642,0.6202985141039677,0.2310284560817783,0.735,0.596,0.09086016494337025,0.9897114896539487,0.9608277086733515,9.999999999998899e-4,0,0.0040000000000000036
2022-01-09,0.6990000000000001,0.6829999999999999,0.326,247615499,206776636,77243175,333239062,0.7430566438216658,0.6205053956129549,0.23179507989372505,0.735,0.596,0.09086016494337025,0.9891574298020819,0.9605073609573568,0.001000000000000112,0,0
2022-01-10,0.6990000000000001,0.6829999999999999,0.326,247933466,206949241,77896539,333239062,0.7440108146745413,0.6210233570997148,0.23375572639200382,0.737,0.597,0.09086016494337025,0.9905769989679409,0.9613164998947736,0,0,0
2022-01-11,0.701,0.684,0.33399999999999996,248251999,207129962,78567868,333239062,0.744966684007771,0.621565673474378,0.23577028313685508,0.738,0.597,0.09086016494337025,0.990648328096645,0.9604777507466544,0.0019999999999998908,0.001000000000000112,0.007999999999999952
2022-01-12,0.7020000000000001,0.684,0.336,248561016,207302927,79216614,333239062,0.7458939972649424,0.6220847152666634,0.23771707171592027,0.739,0.598,0.09086016494337025,0.9907574034779453,0.9612838658857913,0.001000000000000112,0,0.0020000000000000573
2022-01-13,0.703,0.685,0.33799999999999997,248847050,207454591,79808373,333239062,0.7467523420168551,0.6225398359811731,0.23949285093114325,0.741,0.598,0.09086016494337025,0.9922968544011271,0.9605810992922302,9.999999999998899e-4,0.0010000000000000009,0.0019999999999999463
2022-01-14,0.7040000000000001,0.685,0.341,249141912,207578850,80444239,333239062,0.7476371782609327,0.6229127184375522,0.24140098857918404,0.742,0.599,0.09086016494337025,0.9924600081097555,0.9616114461468496,0.001000000000000112,0,0.003000000000000058
2022-01-15,0.705,0.6859999999999999,0.344,249314634,207640564,80776559,333239062,0.7481554908469884,0.6230979128131143,0.24239823061319263,NA,NA,NA,NA,NA,9.999999999998899e-4,9.999999999998899e-4,0.002999999999999947
2022-01-16,0.705,0.6859999999999999,0.344,249371110,207669429,80883064,333239062,0.7483249667771541,0.6231845323103208,0.24271783600207109,NA,NA,NA,NA,NA,0,0,0
2022-01-17,0.705,0.6859999999999999,0.344,249393486,207684392,80916761,333239062,0.748392113767263,0.6232294340091499,0.24281895560010908,NA,NA,NA,NA,NA,0,0,0
2022-01-18,0.7070000000000001,0.6859999999999999,0.35,249393487,207684392,80916761,333239062,0.7483921167681117,0.6232294340091499,0.24281895560010908,NA,NA,NA,NA,NA,0.002000000000000113,0,0.006000000000000005
