date,cases.fitted,cum.incidence,infections,infections.lo,infections.hi,pop,pct_inf,pct_inf_lo,pct_inf_hi
2020-02-18,2.6333429803287156e-6,0.006235058227716528,0.006235058227716528,NA,NA,415759,1.4996808794798255e-8,NA,NA
2020-02-19,2.286657052930526e-5,0.015434978129523297,0.009199919901806769,NA,NA,415759,2.212801142442321e-8,NA,NA
2020-02-20,8.974836378939299e-5,0.02890057608447333,0.01346559795495003,NA,NA,415759,3.238798908730786e-8,NA,NA
2020-02-21,2.3175479605108982e-4,0.0484764275805534,0.019575851496080068,NA,NA,415759,4.708461271092163e-8,NA,NA
2020-02-22,4.647781486647938e-4,0.07676956326257234,0.02829313568201894,NA,NA,415759,6.805176961176772e-8,NA,NA
2020-02-23,7.977388232707258e-4,0.1174490547501423,0.040679491487569976,NA,NA,415759,9.784392277153345e-8,NA,NA
2020-02-24,0.0012456305888911383,0.1756516124274239,0.05820255767728158,NA,NA,415759,1.3999109502688236e-7,NA,NA
2020-02-25,0.0018392063209280531,0.25853300678231617,0.08288139435489225,NA,NA,415759,1.993496096413842e-7,NA,NA
2020-02-26,0.002632025730839583,0.37601133895326216,0.11747833217094598,NA,NA,415759,2.8256353361189053e-7,NA,NA
2020-02-27,0.003707975115237251,0.5417571617154333,0.1657458227621711,NA,NA,415759,3.986584121141601e-7,NA,NA
2020-02-28,0.005191583132260556,0.7744970862366509,0.2327399245212176,NA,NA,415759,5.597952768820822e-7,NA,NA
2020-02-29,0.007263154070817129,1.099708471610964,0.3252113853743131,NA,NA,415759,7.8221129398116e-7,NA,NA
2020-03-01,0.010180760356726364,1.551806980446114,0.45209850883515007,NA,NA,415759,1.0874052247459468e-6,NA,NA
2020-03-02,0.014311338220271586,2.1769365418652873,0.6251295614191731,NA,NA,415759,1.5035863599324923e-6,NA,NA
2020-03-03,0.02017347344311413,3.036474438885711,0.8595378970204239,NA,NA,415759,2.0673945651697835e-6,NA,NA
2020-03-04,0.028494802161307557,4.211365789000835,1.1748913501151237,NA,NA,415759,2.825895170315312e-6,NA,NA
2020-03-05,0.04028705002927644,5.807388671522979,1.5960228825221439,NA,NA,415759,3.838817397872671e-6,NA,NA
2020-03-06,0.056941298024018205,7.9614255725786585,2.154036901055679,NA,NA,415759,5.1809747980336665e-6,NA,NA
2020-03-07,0.08034473487981167,10.848761614804882,2.887336042226223,NA,NA,415759,6.944734911874963e-6,NA,NA
2020-03-08,0.11301749521458652,14.691341504196092,3.84257988939121,NA,NA,415759,9.24232521578898e-6,NA,NA
2020-03-09,0.15826369089210163,19.76679349054947,5.075451986353379,NA,NA,415759,1.2207677972944372e-5,NA,NA
2020-03-10,0.22032394567200259,26.41786700370831,6.651073513158837,NA,NA,415759,1.599742522268631e-5,NA,NA
2020-03-11,0.30450736478343016,35.06183992215794,8.643972918449627,NA,NA,415759,2.0790825739069094e-5,NA,NA
2020-03-12,0.41727370629640004,46.19925019601106,11.13741027385312,NA,NA,415759,2.6788139941295607e-5,NA,NA
2020-03-13,0.5662966469584247,60.421030784691105,14.221780588680046,NA,NA,415759,3.420678948304197e-5,NA,NA
2020-03-14,0.7605416968402434,78.41295566685528,17.991924882164184,NA,NA,415759,4.327488973699712e-5,NA,NA
2020-03-15,1.0102941637669955,100.95616211965856,22.543206452803283,NA,NA,415759,5.4221812282604306e-5,NA,NA
2020-03-16,1.327064279868437,128.92288920318893,27.966727083530373,NA,NA,415759,6.726667873342579e-5,NA,NA
2020-03-17,1.7233423353959432,163.26674156777102,34.343852364582084,NA,NA,415759,8.260519282705144e-5,NA,NA
2020-03-18,2.2121911583764633,205.00665774111042,41.73991617333941,NA,NA,415759,1.0039449819087358e-4,NA,NA
2020-03-19,2.8066704680067156,255.20430899210558,50.19765125099517,NA,NA,415759,1.2073737730510986e-4,NA,NA
2020-03-20,3.5191002553912907,314.93518094765085,59.730871955545254,NA,NA,415759,1.4366705701029985e-4,NA,NA
2020-03-21,4.360187274645293,385.25443637273753,70.31925542508668,NA,NA,415759,1.6913465595473984e-4,NA,NA
2020-03-22,5.3380590003831285,467.15933411840007,81.90489774566255,NA,NA,415759,1.970009013530977e-4,NA,NA
2020-03-23,6.457271045521519,561.5502049138821,94.39087079548202,NA,NA,415759,2.2703265785101949e-4,NA,NA
2020-03-24,7.717873010896335,669.1925171130748,107.64231219919272,NA,NA,415759,2.589055491262792e-4,NA,NA
2020-03-25,9.114629386459837,790.6827594500267,121.4902423369518,NA,NA,415759,2.9221313871005027e-4,NA,NA
2020-03-26,10.63649276858938,926.4198143160677,135.7370548660411,NA,NA,415759,3.264801360067758e-4,NA,NA
2020-03-27,12.266413534558913,1076.5828994404974,150.16308512442959,NA,NA,415759,3.61178194878354e-4,NA,NA
2020-03-28,13.98154254259626,1241.118613670783,164.5357142302856,NA,NA,415759,3.9574781118456993e-4,NA,NA
2020-03-29,15.753846202500199,1419.7383196602268,178.61970598944384,NA,NA,415759,4.2962318552200636e-4,NA,NA
2020-03-30,17.551114076734468,1611.9262745969118,192.1879549366849,NA,NA,415759,4.6225807483827144e-4,NA,NA
2020-03-31,19.338302152005305,1816.955879950966,205.02960535405424,NA,NA,415759,4.931453206161604e-4,NA,NA
2020-04-01,21.079119436041182,2033.9097056404687,216.95382568950274,NA,NA,415759,5.218259272547383e-4,NA,NA
2020-04-02,22.737733035607285,2261.7049383143963,227.79523267392753,NA,NA,415759,5.479021083702999e-4,NA,NA
2020-04-03,24.280450154894265,2499.123331184559,237.41839287016273,NA,NA,415759,5.710481141001463e-4,NA,NA
2020-04-04,25.677391865273677,2744.8441380067156,245.72080682215676,NA,NA,415759,5.910174086962802e-4,NA,NA
2020-04-05,26.90420404030811,2997.4769583796865,252.632820372971,NA,NA,415759,6.07642457223947e-4,NA,NA
2020-04-06,27.943352503739327,3255.590240158728,258.11328177904187,NA,NA,415759,6.208242798809932e-4,NA,NA
2020-04-07,28.78463755380815,3517.7373557417495,262.14711558302133,NA,NA,415759,6.305266165808108e-4,NA,NA
2020-04-08,29.425027576613772,3782.4802417095298,264.74288596778,NA,NA,415759,6.367700662349582e-4,NA,NA
2020-04-09,29.86802384124553,4048.410200395276,265.92995868574627,NA,NA,415759,6.396252605132932e-4,NA,NA
2020-04-10,30.12272321034261,4314.1661149229085,265.75591452763234,NA,NA,415759,6.392066426165936e-4,NA,NA
2020-04-11,30.202706928255523,4578.4511699412315,264.2850550183233,NA,NA,415759,6.356688731171744e-4,NA,NA
2020-04-12,30.12486231868494,4840.046784115595,261.5956141743635,NA,NA,415759,6.292001235676522e-4,NA,NA
2020-04-13,29.908227410818732,5097.8234386713375,257.7766545557421,NA,NA,415759,6.200146107618647e-4,NA,NA
2020-04-14,29.572928919788254,5350.748542048254,252.92510337691658,NA,NA,415759,6.083454678718118e-4,NA,NA
2020-04-15,29.139261607654625,5597.892469705805,247.14392765755048,NA,NA,415759,5.944403552479934e-4,NA,NA
2020-04-16,28.626936443807555,5838.436189736689,240.5437200308847,NA,NA,415759,5.785652746684611e-4,NA,NA
2020-04-17,28.05450969678685,6071.677114263676,233.24092452698758,NA,NA,415759,5.610003019224781e-4,NA,NA
2020-04-18,27.43899298072344,6297.031939790595,225.35482552691866,NA,NA,415759,5.420323445239157e-4,NA,NA
2020-04-19,26.795631522316075,6514.036664457341,217.00472466674594,NA,NA,415759,5.21948351489074e-4,NA,NA
2020-04-20,26.137826019263958,6722.3443174803615,208.30765302302026,NA,NA,415759,5.01029810594648e-4,NA,NA
2020-04-21,25.477167347081064,6921.721996738078,199.3776792577162,NA,NA,415759,4.7955108430055925e-4,NA,NA
2020-04-22,24.82355447892337,7112.046222650804,190.32422591272623,NA,NA,415759,4.5777536003484287e-4,NA,NA
2020-04-23,24.185370930041277,7293.296277968234,181.2500553174292,NA,NA,415759,4.359498058188258e-4,NA,NA
2020-04-24,23.56969982356284,7465.545957279137,172.2496793109035,NA,NA,415759,4.143017452680604e-4,NA,NA
2020-04-25,22.982561178682268,7628.954125452976,163.40816817383873,NA,NA,415759,3.9303579278822284e-4,NA,NA
2020-04-26,22.428993107371483,7783.754229618522,154.8001041655457,NA,NA,415759,3.7233133658091754e-4,NA,NA
2020-04-27,21.912354952182156,7930.243451815388,146.48922219686602,NA,NA,415759,3.52341674375939e-4,NA,NA
2020-04-28,21.43358438766247,8068.77207388801,138.52862207262194,NA,NA,415759,3.3319452392521136e-4,NA,NA
2020-04-29,20.991411792869393,8199.733359358954,130.96128547094324,NA,NA,415759,3.149932664619244e-4,NA,NA
2020-04-30,20.583231185634276,8323.554129812352,123.82077045339817,NA,NA,415759,2.978186171637852e-4,NA,NA
2020-05-01,20.205983900939636,8440.6855459822,117.13141616984748,NA,NA,415759,2.817291175172335e-4,NA,NA
2020-05-02,19.85677157806399,8551.59472261026,110.90917662805899,NA,NA,415759,2.667631407331146e-4,NA,NA
2020-05-03,19.533190725365007,8656.75780715921,105.16308454895149,NA,NA,415759,2.5294241266924223e-4,NA,NA
2020-05-04,19.233471482574977,8756.65450342118,99.89669626196952,NA,NA,415759,2.4027548714993427e-4,NA,NA
2020-05-05,18.956503670939565,8851.763920310788,95.10941688960875,NA,NA,415759,2.287609333522756e-4,NA,NA
2020-05-06,18.701808407774585,8942.560708637162,90.79678832637336,NA,NA,415759,2.1838802846450313e-4,NA,NA
2020-05-07,18.46948912473774,9029.511831928603,86.95112329144068,NA,NA,415759,2.0913828273456662e-4,NA,NA
2020-05-08,18.260178352940287,9113.074801176655,83.56296924805326,NA,NA,415759,2.0098896054698338e-4,NA,NA
2020-05-09,18.07498682787194,9193.697206094088,80.6224049174333,NA,NA,415759,1.9391619884941348e-4,NA,NA
2020-05-10,17.915457898786023,9271.817334422087,78.12012832799964,NA,NA,415759,1.8789762417169474e-4,NA,NA
2020-05-11,17.78352963591864,9347.864782645282,76.04744822319435,NA,NA,415759,1.8291233195960726e-4,NA,NA
2020-05-12,17.68150591855292,9422.26101030447,74.39622765918784,NA,NA,415759,1.7894075091384154e-4,NA,NA
2020-05-13,17.612035084157437,9495.42079316814,73.15978286366988,NA,NA,415759,1.7596680496073417e-4,NA,NA
2020-05-14,17.5780925688508,9567.754439757598,72.33364658945885,NA,NA,415759,1.739797493005776e-4,NA,NA
2020-05-15,17.58296438674745,9639.670604378274,71.91616462067512,NA,NA,415759,1.7297560514787443e-4,NA,NA
2020-05-16,17.6302301580294,9711.579059970129,71.9084555918544,NA,NA,415759,1.729570630866786e-4,NA,NA
2020-05-17,17.723744943509015,9783.893110934923,72.31405096479398,NA,NA,415759,1.7393261712865863e-4,NA,NA
2020-05-18,17.867630554361092,9857.032158847063,73.13904791213987,NA,NA,415759,1.7591693243475156e-4,NA,NA
2020-05-19,18.066476600298067,9931.424287480793,74.392128633729655,NA,NA,415759,1.7893089177559512e-4,NA,NA
2020-05-20,18.325724448027948,10007.508672877673,76.08438539687904,NA,NA,415759,1.8300117471150123e-4,NA,NA
2020-05-21,18.651851477428846,10085.737852475013,78.22917959733878,NA,NA,415759,1.8815991860029197e-4,NA,NA
2020-05-22,19.052251857233774,10166.579859061629,80.84200658661618,NA,NA,415759,1.9444439347462395e-4,NA,NA
2020-05-23,19.53499796898836,10250.51960861204,83.93974955041111,NA,NA,415759,2.0189520744087587e-4,NA,NA
2020-05-24,20.108616468254578,10338.059208053037,87.53959944099748,NA,NA,415759,2.1055370885776973e-4,NA,NA
2020-05-25,20.781910004756984,10429.716834253872,91.65762620083471,NA,NA,415759,2.20458549786859e-4,NA,NA
2020-05-26,21.563805326529977,10526.02490757651,96.3080733226387,NA,NA,415759,2.316439892404944e-4,NA,NA
2020-05-27,22.463197148546996,10627.529056881847,101.5041493053381,NA,NA,415759,2.441417968230107e-4,NA,NA
2020-05-28,23.488766065663008,10734.785823439377,107.25676655752963,NA,NA,415759,2.5797821949141123e-4,NA,NA
2020-05-29,24.6487623789763,10848.358540810095,113.57271737071792,NA,NA,415759,2.7316959433402023e-4,NA,NA
2020-05-30,25.950753339398098,10968.811139413308,120.45259860321349,NA,NA,415759,2.897173569380663e-4,NA,NA
2020-05-31,27.401328258280774,11096.701011245923,127.88987183261443,NA,NA,415759,3.076057808312374e-4,NA,NA
2020-06-01,29.005755155253567,11232.574287745023,135.87327649910088,NA,NA,415759,3.268077816694308e-4,NA,NA
2020-06-02,30.76759451846189,11376.961212185377,144.38692444035414,NA,NA,415759,3.4728514461588114e-4,NA,NA
2020-06-03,32.68829407311982,11530.371158715781,153.40994653040477,NA,NA,415759,3.6898767442293437e-4,NA,NA
2020-06-04,34.76679656945638,11693.287570533594,162.9164118178132,NA,NA,415759,3.918530009399994e-4,NA,NA
2020-06-05,36.999186412816314,11866.163328053462,172.87575751986802,NA,NA,415759,4.158076133526106e-4,NA,NA
2020-06-06,39.37839160107273,12049.417633053887,183.25430500042387,NA,NA,415759,4.4077050647231656e-4,NA,NA
2020-06-07,41.8939541819912,12243.434354529305,194.01672147541873,NA,NA,415759,4.666566964886358e-4,NA,NA
2020-06-08,44.531884377301104,12448.562027898572,205.12767336926586,NA,NA,415759,4.9338119768728e-4,NA,NA
2020-06-09,47.27461752325904,12665.115861253125,216.55383335455286,NA,NA,415759,5.20863849861465e-4,NA,NA
2020-06-10,50.10149169784231,12893.381189632231,228.26532837910656,NA,NA,415759,5.490328011639112e-4,NA,NA
2020-06-11,52.99036758189557,13133.614251921128,240.23306228889743,NA,NA,415759,5.778180683734986e-4,NA,NA
2020-06-12,55.91944825831971,13386.042486900144,252.4282349790152,NA,NA,415759,6.071503803381651e-4,NA,NA
2020-06-13,58.86829092253916,13650.865830816198,264.82334391605326,NA,NA,415759,6.369635868761789e-4,NA,NA
2020-06-14,61.81819717681038,13928.259100499788,277.39326968359046,NA,NA,415759,6.671972697730908e-4,NA,NA
2020-06-15,64.75240857981929,14218.374987341853,290.115886842064,NA,NA,415759,6.977982120460748e-4,NA,NA
2020-06-16,67.65631238585534,14521.343973377543,302.96898603568957,NA,NA,415759,7.287129948736878e-4,NA,NA
2020-06-17,70.5176924454509,14837.272538592644,315.92856521510157,NA,NA,415759,7.598838875769413e-4,NA,NA
2020-06-18,73.3269852884045,15166.241191392857,328.96865280021376,NA,NA,415759,7.912484222836157e-4,NA,NA
2020-06-19,76.07748826510661,15508.302325906363,342.0611345135058,NA,NA,415759,8.227389774208275e-4,NA,NA
2020-06-20,78.7654876426775,15863.477896314535,355.17557040817223,NA,NA,415759,8.542823376238933e-4,NA,NA
2020-06-21,81.3903017779192,16231.756821471517,368.27892515698295,NA,NA,415759,8.857990450164228e-4,NA,NA
2020-06-22,83.95425156448066,16613.092149027936,381.3353275564186,NA,NA,415759,9.172028207601485e-4,NA,NA
2020-06-23,86.46257621966717,17007.39803972533,394.305890697393,NA,NA,415759,9.484001325224301e-4,NA,NA
2020-06-24,88.92331192116792,17414.54659111079,407.1485513854602,NA,NA,415759,9.792898082433819e-4,NA,NA
2020-06-25,91.34714781065637,17834.364516996993,419.81792588620476,NA,NA,415759,0.001009762689168977,NA,NA
2020-06-26,93.74727048425066,18266.629593188416,432.26507619142257,NA,NA,415759,0.001039701067665216,NA,NA
2020-06-27,96.1392049847725,18711.066920542187,444.43732735377057,NA,NA,415759,0.0010689782478641968,NA,NA
2020-06-28,98.5406577779491,19167.345138053675,456.2782175114865,NA,NA,415759,0.0010974584254615932,NA,NA
2020-06-29,100.97136550537559,19635.07264748307,467.7275094293944,NA,NA,415759,0.0011249967154755385,NA,NA
2020-06-30,103.45295233133365,20113.793941534484,478.7212940514142,NA,NA,415759,0.001151439401315219,NA,NA
2020-07-01,106.00879791403369,20602.98659605187,489.19265451738505,NA,NA,415759,0.001176625531900416,NA,NA
2020-07-02,108.66329546123104,21102.059056148886,499.0724600970169,NA,NA,415759,0.0012003888312628636,NA,NA
2020-07-03,111.43722194806487,21610.348876929173,508.2898207802875,NA,NA,415759,0.0012225587919450632,NA,NA
2020-07-04,114.34152020516504,22127.121482655457,516.7726057262852,NA,NA,415759,0.0012429619219939561,NA,NA
2020-07-05,117.3746861938348,22651.56961436592,524.4481317104628,NA,NA,415759,0.0012614234008415039,NA,NA
2020-07-06,120.5237955258585,23182.81649644093,531.2468820750119,NA,NA,415759,0.0012777760242713011,NA,NA
2020-07-07,123.76673904321243,23719.9237222358,537.1072257948681,NA,NA,415759,0.0012918715549028838,NA,NA
2020-07-08,127.07423608041564,24261.900474616967,541.9767523811682,NA,NA,415759,0.0013035839329543514,NA,NA
2020-07-09,130.41129231452277,24807.713713252957,545.8132386359889,NA,NA,415759,0.0013128116015191226,NA,NA
2020-07-10,133.73822780532714,25356.29916451952,548.585451266565,NA,NA,415759,0.0013194794370454156,NA,NA
2020-07-11,137.01148580805636,25906.573677942524,550.2745134230015,NA,NA,415759,0.001323542036186833,NA,NA
2020-07-12,140.18438365346213,26457.449194643064,550.8755167005396,NA,NA,415759,0.0013249875930540038,NA,NA
2020-07-13,143.20789999964853,27007.84694307981,550.3977484367452,NA,NA,415759,0.001323838445918778,NA,NA
2020-07-14,146.0315420386652,27556.711459151324,548.8645160715135,NA,NA,415759,0.0013201506547579572,NA,NA
2020-07-15,148.60430110684584,28103.024138643843,546.3126794925207,NA,NA,415759,0.0013140128764320693,NA,NA
2020-07-16,150.875680670038,28645.81504881313,542.7909101692863,NA,NA,415759,0.0013055421774857221,NA,NA
2020-07-17,152.79676348311693,29184.171742622704,538.3566938095744,NA,NA,415759,0.0012948768248181625,NA,NA
2020-07-18,154.32127225184513,29717.246827211642,533.0750845889389,NA,NA,415759,0.0012821732893068796,NA,NA
2020-07-19,155.40657352513807,30244.264465561435,527.0176383497943,NA,NA,415759,0.0012676036798957913,NA,NA
2020-07-20,156.0145821760762,30764.52575919896,520.2612936375263,NA,NA,415759,0.0012513530522190168,NA,NA
2020-07-21,156.11253985019567,31277.413576420404,512.8878172214442,NA,NA,415759,0.0012336180749459283,NA,NA
2020-07-22,155.67365760617844,31782.39776567479,504.9841892543856,NA,NA,415759,0.001214607956182273,NA,NA
2020-07-23,154.67762735310126,32279.03934346043,496.64157778564123,NA,NA,415759,0.0011945419769280792,NA,NA
2020-07-24,153.1112383008453,32766.99341611604,487.9540726556132,NA,NA,415759,0.0011736464457909827,NA,NA
2020-07-25,150.9735691621685,33246.01090953425,479.01749341820823,NA,NA,415759,0.0011521518317539926,NA,NA
2020-07-26,148.2853052273424,33715.93963406084,469.92872452658554,NA,NA,415759,0.0011302911651379418,NA,NA
2020-07-27,145.09261630127668,34176.725835073164,460.7862010123285,NA,NA,415759,0.0011083012057762514,NA,NA
2020-07-28,141.46276581513365,34628.41509966167,451.68926458850615,NA,NA,415759,0.0010864208942885328,NA,NA
2020-07-29,137.47643202931906,35071.15245948245,442.73735982077926,NA,NA,415759,0.0010648894186795217,NA,NA
2020-07-30,133.22063307792126,35505.181917766844,434.02945828439243,NA,NA,415759,0.0010439448292986861,NA,NA
2020-07-31,128.78347123304746,35930.84456044847,425.6626426816317,NA,NA,415759,0.0010238206333035044,NA,NA
2020-08-01,124.25059285367978,36348.57159478109,417.7270343326169,NA,NA,415759,0.0010047335940595798,NA,NA
2020-08-02,119.70291414540053,36758.876691359685,410.3050965785975,NA,NA,415759,9.86882055658681e-4,NA,NA
2020-08-03,115.21520972975145,37162.34944893923,403.4727575795463,NA,NA,415759,9.704486435159462e-4,NA,NA
2020-08-04,110.85530602011399,37559.650118485224,397.30066954598936,NA,NA,415759,9.556032931241161e-4,NA,NA
2020-08-05,106.68374685856541,37951.50431986003,391.8542013748051,NA,NA,415759,9.425032323408636e-4,NA,NA
2020-08-06,102.75386764482317,38338.69057955987,387.18625969984305,NA,NA,415759,9.31275714295645e-4,NA,NA
2020-08-07,99.11222768148514,38722.026512045675,383.33593248579956,NA,NA,415759,9.220147549080105e-4,NA,NA
2020-08-08,95.79933949423805,39102.356937974335,380.3304259286601,NA,NA,415759,9.147857915971996e-4,NA,NA
2020-08-09,92.85063445871309,39480.5435629472,378.18662497286533,NA,NA,415759,9.096294366997836e-4,NA,NA
2020-08-10,90.29762231642366,39857.45529705805,376.9117341108475,NA,NA,415759,9.065630187460703e-4,NA,NA
2020-08-11,88.16921758742085,40233.95484931966,376.49955226161427,NA,NA,415759,9.055716226506564e-4,NA,NA
2020-08-12,86.49320399106882,40610.88330151838,376.92845219871344,NA,NA,415759,9.066032297526054e-4,NA,NA
2020-08-13,85.29779594542057,40989.044331746125,378.1610302277452,NA,NA,415759,9.09567875205937e-4,NA,NA
2020-08-14,84.61324918570722,41369.187486651375,380.14315490524973,NA,NA,415759,9.143353599206505e-4,NA,NA
2020-08-15,84.47346655742555,41751.990332453934,382.8028458025566,NA,NA,415759,9.20732553721162e-4,NA,NA
2020-08-16,84.91516086246097,42138.04345503195,386.05312257801756,NA,NA,415759,9.28550248047589e-4,NA,NA
2020-08-17,85.97042422342443,42527.836616997905,389.79316196595835,NA,NA,415759,9.375459387913631e-4,NA,NA
2020-08-18,87.65917883846618,42921.742939314805,393.906322316902,NA,NA,415759,9.474390748411989e-4,NA,NA
2020-08-19,89.98779498850195,43320.00112078178,398.258181466975,NA,NA,415759,9.5790633868894e-4,NA,NA
2020-08-20,92.95126527865216,43722.6965145509,402.69539376912456,NA,NA,415759,9.685788973158117e-4,NA,NA
2020-08-21,96.53517379306189,44129.751544439,407.0550298880958,NA,NA,415759,9.790648666369117e-4,NA,NA
2020-08-22,100.71604907725435,44540.92521214164,411.17366770264215,NA,NA,415759,9.889711772989693e-4,NA,NA
2020-08-23,105.46024962808075,44955.81391245785,414.88870031621195,NA,NA,415759,9.97906720759411e-4,NA,NA
2020-08-24,110.72205824919521,45373.8538613926,418.0399489347506,NA,NA,415759,0.0010054862286438793,NA,NA
2020-08-25,116.4416759470877,45794.325880796256,420.4720194036591,NA,NA,415759,0.0010113359407821817,NA,NA
2020-08-26,122.54365107483383,46216.368851568644,422.04297077238635,NA,NA,415759,0.0010151144551828976,NA,NA
2020-08-27,128.93612484534106,46639.00282255693,422.6339709882905,NA,NA,415759,0.0010165359522903666,NA,NA
2020-08-28,135.5111618216859,47061.155320813414,422.15249825648084,NA,NA,415759,0.0010153778950220702,NA,NA
2020-08-29,142.1463266561368,47481.68999803758,420.534677224165,NA,NA,415759,0.0010114866478516762,NA,NA
2020-08-30,148.70752715476584,47899.43686613338,417.7468680957953,NA,NA,415759,0.0010047812990116758,NA,NA
2020-08-31,155.05297952504472,48313.22276431999,413.78589818660777,NA,NA,415759,9.952542174351193e-4,NA,NA
2020-09-01,161.03800379045327,48721.900914110825,408.678149790836,NA,NA,415759,9.829688588601474e-4,NA,NA
2020-09-02,166.52025443306002,49124.37924089248,402.47832678165184,NA,NA,415759,9.680567992073578e-4,NA,NA
2020-09-03,171.36494721255286,49519.646604101734,395.2673632092547,NA,NA,415759,9.507127042571651e-4,NA,NA
2020-09-04,175.4496605851121,49906.796109789946,387.1495056882104,NA,NA,415759,9.31187312092367e-4,NA,NA
2020-09-05,178.6683572241103,50285.04255563728,378.2464458473356,NA,NA,415759,9.097733202344041e-4,NA,NA
2020-09-06,180.9343626556718,50653.73203689867,368.68948126139065,NA,NA,415759,8.867865308060455e-4,NA,NA
2020-09-07,182.18306762964926,51012.34784647439,358.61580957571874,NA,NA,415759,8.625569370133148e-4,NA,NA
2020-09-08,182.37999629489025,51360.51325746518,348.16541099079353,NA,NA,415759,8.37421224773952e-4,NA,NA
2020-09-09,181.5295817865593,51697.99140898615,337.4781515209677,NA,NA,415759,8.117158053607202e-4,NA,NA
2020-09-10,179.674984179623,52024.68040233578,326.68899334963663,NA,NA,415759,7.857652951581003e-4,NA,NA
2020-09-11,176.8900862301745,52340.60147534046,315.921073004673,NA,NA,415759,7.598658670159227e-4,NA,NA
2020-09-12,173.26965528278572,52645.88602088247,305.2845455420068,NA,NA,415759,7.34282470233974e-4,NA,NA
2020-09-13,168.92096527704734,52940.762718477075,294.87669759460806,NA,NA,415759,7.092491024718841e-4,NA,NA
2020-09-14,163.95752597346421,53225.545125559205,284.7824070821304,NA,NA,415759,6.849699154609531e-4,NA,NA
2020-09-15,158.49454600334838,53500.61913926053,275.07401370132925,NA,NA,415759,6.616189035025803e-4,NA,NA
2020-09-16,152.64561121125917,53766.4289209177,265.8097816571659,NA,NA,415759,6.393362059682794e-4,NA,NA
2020-09-17,146.5201874386794,54023.464001746885,257.0350808291847,NA,NA,415759,6.182309482877934e-4,NA,NA
2020-09-18,140.22170680122218,54272.248159366805,248.7841576199183,NA,NA,415759,5.983855012637568e-4,NA,NA
2020-09-19,133.8461081454434,54513.33000513835,241.08184577154498,NA,NA,415759,5.798595959956248e-4,NA,NA
2020-09-20,127.4807722966089,54747.27485931746,233.94485417911415,NA,NA,415759,5.62693421379006e-4,NA,NA
2020-09-21,121.20382396941187,54974.65684229729,227.38198297982908,NA,NA,415759,5.469081438521573e-4,NA,NA
2020-09-22,115.08377482532273,55196.05218960856,221.39534731126798,NA,NA,415759,5.325088508276862e-4,NA,NA
2020-09-23,109.17947427081116,55412.03396297114,215.9817733625767,NA,NA,415759,5.19487908530126e-4,NA,NA
2020-09-24,103.54033080495172,55623.16794290326,211.13397993212374,NA,NA,415759,5.078278039251675e-4,NA,NA
2020-09-25,98.20676865980607,55830.00935391726,206.84141101399896,NA,NA,415759,4.975031472896533e-4,NA,NA
2020-09-26,93.21088567681791,56033.09960030901,203.09024639175524,NA,NA,415759,4.884806976920649e-4,NA,NA
2020-09-27,88.57727539392488,56232.96340718799,199.86380687898128,NA,NA,415759,4.807203376931859e-4,NA,NA
2020-09-28,84.32397255460741,56430.10645349277,197.14304630478128,NA,NA,415759,4.7417625668904646e-4,NA,NA
2020-09-29,80.4634266677491,56625.01330545946,194.90685196668815,NA,NA,415759,4.6879767357216117e-4,NA,NA
2020-09-30,77.00195828721557,56818.14560056682,193.132295107358,NA,NA,415759,4.645294391879863e-4,NA,NA
2020-10-01,73.93753187992803,57009.94112627179,191.79552570497103,NA,NA,415759,4.6131418852020286e-4,NA,NA
2020-10-02,71.25915029123182,57200.81312408961,190.87199781782104,NA,NA,415759,4.590928826984408e-4,NA,NA
2020-10-03,68.9489753595969,57391.14929782402,190.33617373441217,NA,NA,415759,4.5780409740838363e-4,NA,NA
2020-10-04,66.98533525156508,57581.31045088121,190.1611530571928,NA,NA,415759,4.5738313074928695e-4,NA,NA
2020-10-05,65.34520403091507,57771.62887227728,190.31842139607005,NA,NA,415759,4.5776139878167413e-4,NA,NA
2020-10-06,64.00578910380673,57962.408147250506,190.7792749732273,NA,NA,415759,4.588698620432205e-4,NA,NA
2020-10-07,62.945366552904375,58153.92361471288,191.51546746237895,NA,NA,415759,4.6064058135212693e-4,NA,NA
2020-10-08,62.143618760592865,58346.42238837872,192.4987736658332,NA,NA,415759,4.6300566834592445e-4,NA,NA
2020-10-09,61.58168746309065,58540.122959954715,193.7005715759975,NA,NA,415759,4.6589628023926716e-4,NA,NA
2020-10-10,61.242078693604654,58735.21449673385,195.0915367791386,NA,NA,415759,4.6924188479176304e-4,NA,NA
2020-10-11,61.10849357185465,58931.856977163596,196.64248042974438,NA,NA,415759,4.7297227583707e-4,NA,NA
2020-10-12,61.16562354223832,59130.18198056983,198.3250034062337,NA,NA,415759,4.770191466840975e-4,NA,NA
2020-10-13,61.39893416433937,59330.29333256392,200.11135199408196,NA,NA,415759,4.8131574300034865e-4,NA,NA
2020-10-14,61.7944548940434,59532.267638416466,201.97430585255108,NA,NA,415759,4.857965933450655e-4,NA,NA
2020-10-15,62.33858538426652,59736.15476146221,203.8871230457416,NA,NA,415759,4.903973769557402e-4,NA,NA
2020-10-16,63.01792222304932,59941.978454531534,205.82369306932566,NA,NA,415759,4.950552918140693e-4,NA,NA
2020-10-17,63.81910665204291,60149.73719103368,207.75873650214626,NA,NA,415759,4.99709534855881e-4,NA,NA
2020-10-18,64.72869363488343,60359.40507732756,209.66788629387884,NA,NA,415759,5.043014974874359e-4,NA,NA
2020-10-19,65.733043509338,60570.93286937646,211.5277920489035,NA,NA,415759,5.087750164131228e-4,NA,NA
2020-10-20,66.81823777280789,60784.24912840902,213.31625903256162,NA,NA,415759,5.130767079788089e-4,NA,NA
2020-10-21,67.9700205664202,60999.261917024116,215.01278861509184,NA,NA,415759,5.171572680689819e-4,NA,NA
2020-10-22,69.17399549270854,61215.86116804387,216.59925101975696,NA,NA,415759,5.209730902271675e-4,NA,NA
2020-10-23,70.4165734340317,61433.9212779103,218.0601098664338,NA,NA,415759,5.244868057370588e-4,NA,NA
2020-10-24,71.6859464216726,61653.303884286084,219.38260637578148,NA,NA,415759,5.276677266776702e-4,NA,NA
2020-10-25,72.97227750592863,61873.86081533091,220.55693104482296,NA,NA,415759,5.304922588442414e-4,NA,NA
2020-10-26,74.26735176184081,62095.43747584946,221.57666051854662,NA,NA,415759,5.329449525291013e-4,NA,NA
2020-10-27,75.56414694583648,62317.87683201739,222.4393561679284,NA,NA,415759,5.350199422452151e-4,NA,NA
2020-10-28,76.85653411215739,62541.02353522532,223.14670320792808,NA,NA,415759,5.367212813382948e-4,NA,NA
2020-10-29,78.13913739448208,62764.728100967455,223.7045657421324,NA,NA,415759,5.380630743823522e-4,NA,NA
2020-10-30,79.40731609836735,62988.85110171066,224.12300074320146,NA,NA,415759,5.390695108060233e-4,NA,NA
2020-10-31,80.65722296147791,63213.26719525876,224.41609354810245,NA,NA,415759,5.397744692191929e-4,NA,NA
2020-11-01,81.8859020697268,63437.86879975455,224.6016044957874,NA,NA,415759,5.402206674919542e-4,NA,NA
2020-11-02,83.0914014714009,63662.56965816538,224.70085841083232,NA,NA,415759,5.404593969362836e-4,NA,NA
2020-11-03,84.27288453338426,63887.30832280583,224.7386646404448,NA,NA,415759,5.40550329975887e-4,NA,NA
2020-11-04,85.43073128041112,64112.051563623936,224.74324081810147,NA,NA,415759,5.405613367794839e-4,NA,NA
2020-11-05,86.56662665879347,64336.79734727831,224.7457836543761,NA,NA,415759,5.405674529099216e-4,NA,NA
2020-11-06,87.6836353254316,64561.57676497652,224.77941769820632,NA,NA,415759,5.406483508431719e-4,NA,NA
2020-11-07,88.78626117738807,64786.45580327599,224.8790382994673,NA,NA,415759,5.408879622556994e-4,NA,NA
2020-11-08,89.88048792613105,65011.5371882491,225.08138497310955,NA,NA,415759,5.413746544827882e-4,NA,NA
2020-11-09,90.97379939852634,65236.96236765404,225.42517940494062,NA,NA,415759,5.422015624555106e-4,NA,NA
2020-11-10,92.07518391846666,65462.912982534,225.95061487995204,NA,NA,415759,5.434653606535326e-4,NA,NA
2020-11-11,93.19512903428165,65689.6099674731,226.6969849390928,NA,NA,415759,5.452605594565428e-4,NA,NA
2020-11-12,94.34560540371866,65917.31235774075,227.7023902676661,NA,NA,415759,5.47678800140625e-4,NA,NA
2020-11-13,95.53993777590384,66146.31644366421,229.00408592345073,NA,NA,415759,5.50809690045076e-4,NA,NA
2020-11-14,96.79182645847382,66376.95530069248,230.63885702827628,NA,NA,415759,5.547417062006506e-4,NA,NA
2020-11-15,98.11395466943279,66609.59802879851,232.64272810602768,NA,NA,415759,5.595614962178273e-4,NA,NA
2020-11-16,99.51746934650386,66844.64597615969,235.04794736118313,NA,NA,415759,5.653466247542041e-4,NA,NA
2020-11-17,101.01239000631791,67082.52808517907,237.88210901938098,NA,NA,415759,5.721634625332969e-4,NA,NA
2020-11-18,102.60824854368106,67323.69622274983,241.1681375707614,NA,NA,415759,5.800671484460021e-4,NA,NA
2020-11-19,104.31452318707277,67568.62033111109,244.92410836126243,NA,NA,415759,5.891011580296816e-4,NA,NA
2020-11-20,106.14076417700967,67817.78326021509,249.1629291039987,NA,NA,415759,5.992965374267273e-4,NA,NA
2020-11-21,108.09646009083836,68071.6753426937,253.89208247861916,NA,NA,415759,6.106712842743492e-4,NA,NA
2020-11-22,110.19072745500313,68330.78834686142,259.1130041677106,NA,NA,415759,6.232288517331209e-4,NA,NA
2020-11-23,112.43189226590427,68595.60847935082,264.82013248940143,NA,NA,415759,6.369558626257072e-4,NA,NA
2020-11-24,114.8270062300919,68866.60821894518,270.9997395943656,NA,NA,415759,6.518192981856451e-4,NA,NA
2020-11-25,117.38131743762844,69144.23744415073,277.6292252055365,NA,NA,415759,6.677647993321527e-4,NA,NA
2020-11-26,120.09770442335433,69428.91925876486,284.6818146141345,NA,NA,415759,6.847279664760944e-4,NA,NA
2020-11-27,122.97609725040505,69721.04830652937,292.129047764515,NA,NA,415759,7.026403463653583e-4,NA,NA
2020-11-28,126.0129392229154,70020.98869783945,299.94039131008344,NA,NA,415759,7.214284989863922e-4,NA,NA
2020-11-29,129.20074950987012,70329.07157975617,308.082881916718,NA,NA,415759,7.41013139623479e-4,NA,NA
2020-11-30,132.52781483339106,70645.5928339664,316.52125421022697,NA,NA,415759,7.613094466030248e-4,NA,NA
2020-12-01,135.97799947364373,70970.81604195038,325.22320798398994,NA,NA,415759,7.822397301898214e-4,NA,NA
2020-12-02,139.5306581131109,71304.97989476782,334.1638528174407,NA,NA,415759,8.037441229593123e-4,NA,NA
2020-12-03,143.160663377915,71648.30696394971,343.32706918188677,NA,NA,415759,8.257838535831738e-4,NA,NA
2020-12-04,146.8385758678155,72001.01390780666,352.70694385694765,NA,NA,415759,8.483446993497379e-4,NA,NA
2020-12-05,150.53099535461385,72363.32313744503,362.30922963836656,NA,NA,415759,8.714404971109863e-4,NA,NA
2020-12-06,154.2024238023352,72735.47431008525,372.151172640222,NA,NA,415759,8.951127279029967e-4,NA,NA
2020-12-07,157.81942491813436,73117.73570933976,382.2613992545139,NA,NA,415759,9.194302450566648e-4,NA,NA
2020-12-08,161.35418911693063,73510.41699942612,392.68129008635935,NA,NA,415759,9.444925788410097e-4,NA,NA
2020-12-09,164.78568391201,73913.88353665025,403.4665372241227,NA,NA,415759,9.704336820709178e-4,NA,NA
2020-12-10,168.09946194621926,74328.57215871415,414.6886220639043,NA,NA,415759,9.974254846290863e-4,NA,NA
2020-12-11,171.2872966249722,74755.00138857368,426.42922985953965,NA,NA,415759,0.0010256644591206435,NA,NA
2020-12-12,174.3470598536164,75193.77411659015,438.77272801647257,NA,NA,415759,0.0010553535293679093,NA,NA
2020-12-13,177.28279310334412,75645.5799064475,451.8057898573429,NA,NA,415759,0.001086701165476497,NA,NA
2020-12-14,180.10477729031862,76111.19736727902,465.617460831516,NA,NA,415759,0.001119921543085095,NA,NA
2020-12-15,182.82945587243736,76591.49647634027,480.29910906124536,NA,NA,415759,0.0011552344244171392,NA,NA
2020-12-16,185.47917617914655,77087.43442749477,495.9379511544951,NA,NA,415759,0.0011928495863096052,NA,NA
2020-12-17,188.0817749230858,77600.0406715456,512.606244050845,NA,NA,415759,0.0012329408240130582,NA,NA
2020-12-18,190.6700189332937,78130.398123992185,530.3574524465838,NA,NA,415759,0.0012756367329308177,NA,NA
2020-12-19,193.28088393474314,78679.62051317196,549.222389179776,NA,NA,415759,0.0013210114253203802,NA,NA
2020-12-20,195.9546713652653,79248.82510022107,569.2045870491116,NA,NA,415759,0.001369073398408962,NA,NA
2020-12-21,198.7340093498828,79839.10113469884,590.2760344777624,NA,NA,415759,0.0014197552776434484,NA,NA
2020-12-22,201.66281355012973,80451.4745690522,612.3734343533588,NA,NA,415759,0.001472904818304255,NA,NA
2020-12-23,204.7852842137166,81086.86668573388,635.3921166816925,NA,NA,415759,0.0015282702639791142,NA,NA
2020-12-24,208.14499339093834,81746.04590238308,659.1792166491998,NA,NA,415759,0.0015854839381689869,NA,NA
2020-12-25,211.7840769913583,82429.57250664836,683.5266042652804,NA,NA,415759,0.0016440452383839686,NA,NA
2020-12-26,215.74250718733003,83137.74449322978,708.1719865814171,NA,NA,415759,0.001703323287244334,NA,NA
2020-12-27,220.0574170055183,83870.558806267,732.8143130372155,NA,NA,415759,0.0017625939860284815,NA,NA
2020-12-28,224.76130052077872,84627.67526882558,757.1164625585741,NA,NA,415759,0.0018210464777877907,NA,NA
2020-12-29,229.8755429177014,85408.3820072534,780.706738427818,NA,NA,415759,0.0018777867428674256,NA,NA
2020-12-30,235.40303797387497,86211.56403611129,803.1820288578846,NA,NA,415759,0.0019318452008444426,NA,NA
2020-12-31,241.32541606064098,87035.6836744822,824.1196383709123,NA,NA,415759,0.0019822051678277854,NA,NA
2021-01-01,247.60415414139908,87878.7911496007,843.1074751184891,NA,NA,415759,0.0020278754641955775,NA,NA
2021-01-02,254.18297289004977,88738.55140889356,859.7602592928553,NA,NA,415759,0.002067929399707175,NA,NA
2021-01-03,260.9902487327521,89612.28329395203,873.7318850584693,NA,NA,415759,0.0021015345069101796,NA,NA
2021-01-04,267.9412533245006,90497.01055982168,884.727265869642,NA,NA,415759,0.002127981031967178,NA,NA
2021-01-05,274.9403886703042,91389.52498598793,892.5144261662429,NA,NA,415759,0.00214671101808077,NA,NA
2021-01-06,281.88359084221577,92286.46458833292,896.9396023449996,NA,NA,415759,0.002157354626947341,NA,NA
2021-01-07,288.66100355166145,93184.39975786803,897.9351695351135,NA,NA,415759,0.002159749204551467,NA,NA
2021-01-08,295.1599611135021,94079.92227404764,895.5225161796156,NA,NA,415759,0.0021539461952227506,NA,NA
2021-01-09,301.26826162629425,94969.73357982535,889.8113057777093,NA,NA,415759,0.002140209365949286,NA,NA
2021-01-10,306.8776481868724,95850.72701380735,880.9934339819991,NA,NA,415759,0.0021190002717487756,NA,NA
2021-01-11,311.8873579485738,96720.05270987067,869.3256960633197,NA,NA,415759,0.002090936566769017,NA,NA
2021-01-12,316.1970212150179,97575.16996404676,855.1172541760874,NA,NA,415759,0.002056761860058561,NA,NA
2021-01-13,319.7287020422772,98413.88944909589,838.7194850491427,NA,NA,415759,0.002017321296830959,NA,NA
2021-01-14,322.42664035323605,99234.40461778268,820.5151686867913,NA,NA,415759,0.001973535554700659,NA,NA
2021-01-15,324.24745926650974,100035.3098066053,800.905188822625,NA,NA,415759,0.001926368855088224,NA,NA
2021-01-16,325.1733453173386,100815.58997929214,780.2801726868275,NA,NA,415759,0.0018767607500663305,NA,NA
2021-01-17,325.209651455115,101574.59574848088,759.0057691887412,NA,NA,415759,0.0018255907128618771,NA,NA
2021-01-18,324.38093099324874,102312.01467598061,737.4189274997373,NA,NA,415759,0.0017736691869562349,NA,NA
2021-01-19,322.7277482593218,103027.8404499174,715.8257739367968,NA,NA,415759,0.0017217324794816151,NA,NA
2021-01-20,320.29901277000977,103722.33985624557,694.4994063281573,NA,NA,415759,0.0016704374561420374,NA,NA
2021-01-21,317.1542549273376,104396.00540437338,673.6655481278091,NA,NA,415759,0.0016203270359217937,NA,NA
2021-01-22,313.37278421956637,105049.50299097205,653.4975865986686,NA,NA,415759,0.0015718182567272592,NA,NA
2021-01-23,309.04893861332505,105683.6250168348,634.1220258627629,NA,NA,415759,0.0015252153912789933,NA,NA
2021-01-24,304.28007378598653,106299.24907532759,615.6240584927843,NA,NA,415759,0.0014807233481242362,NA,NA
2021-01-25,299.1669365175145,106897.30164952483,598.0525741972356,NA,NA,415759,0.0014384597187246352,NA,NA
2021-01-26,293.8087565110652,107478.72242236149,581.4207728366606,NA,NA,415759,0.0013984562519071399,NA,NA
2021-01-27,288.28725699935904,108044.43027762229,565.7078552608021,NA,NA,415759,0.0013606629207324487,NA,NA
2021-01-28,282.67278412505044,108595.29390931786,550.8636316955617,NA,NA,415759,0.0013249590067696952,NA,NA
2021-01-29,277.03486498094014,109132.10641613211,536.8125068142505,NA,NA,415759,0.0012911626851475266,NA,NA
2021-01-30,271.4318429911094,109655.56352511415,523.4571089820338,NA,NA,415759,0.0012590397537564641,NA,NA
2021-01-31,265.91133147575493,110166.25084746751,510.6873223533687,NA,NA,415759,0.0012283253576070962,NA,NA
2021-02-01,260.5195965227638,110664.63892039139,498.3880729238718,NA,NA,415759,0.0011987427161501538,NA,NA
2021-02-02,255.28782503491263,111151.07938226605,486.44046187465887,NA,NA,415759,0.0011700058492411683,NA,NA
2021-02-03,250.22117293153877,111625.80205095728,474.72266869123536,NA,NA,415759,0.0011418217493577658,NA,NA
2021-02-04,245.3173616335166,112088.91330418848,463.11125323118966,NA,NA,415759,0.0011138935133844117,NA,NA
2021-02-05,240.56110777748376,112540.40535788254,451.49205369406457,NA,NA,415759,0.0010859465548408202,NA,NA
2021-02-06,235.928713344178,112980.17788040383,439.77252252129114,NA,NA,415759,0.0010577582746766543,NA,NA
2021-02-07,231.40380101518429,113408.0592103561,427.8813299522699,NA,NA,415759,0.0010291571077289245,NA,NA
2021-02-08,226.97171859064815,113823.82639694182,415.7671865857184,NA,NA,415759,0.001000019690699945,NA,NA
2021-02-09,222.59181519800848,114227.22413764865,403.3977407068292,NA,NA,415759,9.702682099649778e-4,NA,NA
2021-02-10,218.21748812433276,114617.9874581216,390.76332047295165,NA,NA,415759,9.398794024253272e-4,NA,NA
2021-02-11,213.8129582005319,114995.87019218272,377.88273406111165,NA,NA,415759,9.088985062526889e-4,NA,NA
2021-02-12,209.34638225448413,115360.67041117548,364.8002189927611,NA,NA,415759,8.774319232843092e-4,NA,NA
2021-02-13,204.7849355320256,115712.25171195666,351.58130078117483,NA,NA,415759,8.456372580778163e-4,NA,NA
2021-02-14,200.1017977510208,116050.56020832829,338.308496371619,NA,NA,415759,8.137129836554807e-4,NA,NA
2021-02-15,195.28659880683176,116375.63563004431,325.075421716034,NA,NA,415759,7.818842688096566e-4,NA,NA
2021-02-16,190.33568444123773,116687.61530152101,311.97967147669266,NA,NA,415759,7.503858520842427e-4,NA,NA
2021-02-17,185.24460728796603,116986.73485937956,299.11955785854633,NA,NA,415759,7.194541978851843e-4,NA,NA
2021-02-18,180.01489523139284,117273.32658594691,286.59172656734466,NA,NA,415759,6.893217622885967e-4,NA,NA
2021-02-19,174.65456901604887,117547.8158126818,274.4892267348909,NA,NA,415759,6.60212350748609e-4,NA,NA
2021-02-20,169.1745434958189,117810.7126489063,262.8968362244924,NA,NA,415759,6.323298743370376e-4,NA,NA
2021-02-21,163.60542829270742,118062.5947086689,251.88205976260645,NA,NA,415759,6.05836698093382e-4,NA,NA
2021-02-22,157.9970736868998,118304.09046065481,241.4957519859135,NA,NA,415759,5.808551396023021e-4,NA,NA
2021-02-23,152.39494998390825,118535.86505364846,231.77459299364875,NA,NA,415759,5.57473423290052e-4,NA,NA
2021-02-24,146.8352397949156,118758.60854907178,222.74349542332416,NA,NA,415759,5.357514700182657e-4,NA,NA
2021-02-25,141.35362200909356,118973.02518805176,214.4166389799755,NA,NA,415759,5.157233853746413e-4,NA,NA
2021-02-26,135.9859721405169,119179.82049813044,206.79531007868596,NA,NA,415759,4.973922634956453e-4,NA,NA
2021-02-27,130.7671965468945,119379.69023292215,199.8697347917026,NA,NA,415759,4.807345957434538e-4,NA,NA
2021-02-28,125.73073669577698,119573.31185087837,193.62161795621267,NA,NA,415759,4.6570637786845905e-4,NA,NA
2021-03-01,120.90827856757524,119761.33803284683,188.02618196846228,NA,NA,415759,4.522480137975661e-4,NA,NA
2021-03-02,116.32436281037877,119944.3920771952,183.05404434836018,NA,NA,415759,4.402888316268804e-4,NA,NA
2021-03-03,111.99394134208009,120123.06588532733,178.6738081321353,NA,NA,415759,4.2975331413663994e-4,NA,NA
2021-03-04,107.92725860111128,120297.91900609726,174.85312076992648,NA,NA,415759,4.2056364569360247e-4,NA,NA
2021-03-05,104.08974745083408,120469.47800550534,171.55899940808516,NA,NA,415759,4.1264049463291273e-4,NA,NA
2021-03-06,100.42469876545188,120638.23596874547,168.75796324012754,NA,NA,415759,4.0590333159385014e-4,NA,NA
2021-03-07,96.96724217527745,120804.65242968974,166.41646094427014,NA,NA,415759,4.0027145760950487e-4,NA,NA
2021-03-08,93.80258470213779,120969.15615100322,164.50372131348146,NA,NA,415759,3.9567086055498847e-4,NA,NA
2021-03-09,90.96397086756875,121132.14869976681,162.99254876359902,NA,NA,415759,3.9203612853503836e-4,NA,NA
2021-03-10,88.432819025877,121294.00755107254,161.8588513057365,NA,NA,415759,3.893093145445715e-4,NA,NA
2021-03-11,86.17677313641927,121455.08876732123,161.08121624868605,NA,NA,415759,3.874389159313113e-4,NA,NA
2021-03-12,84.16716974217313,121615.72941259491,160.6406452736898,NA,NA,415759,3.86379237187144e-4,NA,NA
2021-03-13,82.37984180365501,121776.25068296953,160.5212703746186,NA,NA,415759,3.8609211195576913e-4,NA,NA
2021-03-14,80.79365864729095,121936.96129971225,160.7106167427181,NA,NA,415759,3.865475353334939e-4,NA,NA
2021-03-15,79.3972893298168,122098.16066565494,161.19936594268856,NA,NA,415759,3.877230942509689e-4,NA,NA
2021-03-16,78.18086460056878,122260.14184355686,161.9811779019259,NA,NA,415759,3.896035393146652e-4,NA,NA
2021-03-17,77.12787821854548,122423.19435453504,163.05251097816924,NA,NA,415759,3.921803520264606e-4,NA,NA
2021-03-18,76.22015559676646,122587.60613413119,164.41177959614572,NA,NA,415759,3.9544971869796136e-4,NA,NA
2021-03-19,75.44333005329216,122753.66488747174,166.05875334055239,NA,NA,415759,3.9941108512516236e-4,NA,NA
2021-03-20,74.78546780493744,122921.65936817943,167.99448070769932,NA,NA,415759,4.0406697319288177e-4,NA,NA
2021-03-21,74.23400327615033,123091.88060195761,170.22123377818667,NA,NA,415759,4.09422847799294e-4,NA,NA
2021-03-22,73.78170653860829,123264.62300163782,172.742399680216,NA,NA,415759,4.154868557991914e-4,NA,NA
2021-03-23,73.42183268128167,123440.1842448835,175.56124324566508,NA,NA,415759,4.2226684989540836e-4,NA,NA
2021-03-24,73.1420073994158,123618.86392485362,178.6796799701189,NA,NA,415759,4.297674373137296e-4,NA,NA
2021-03-25,72.93026182590626,123800.96188790265,182.09796304903708,NA,NA,415759,4.3798922704989447e-4,NA,NA
2021-03-26,72.77710071082981,123986.7762369181,185.81434901544173,NA,NA,415759,4.4692802564813203e-4,NA,NA
2021-03-27,72.67269934480552,124176.60092811266,189.82469119455763,NA,NA,415759,4.565738593621729e-4,NA,NA
2021-03-28,72.60456160165478,124370.72250323163,194.1215751189806,NA,NA,415759,4.669088946215971e-4,NA,NA
2021-03-29,72.56964647399778,124569.41578011261,198.6932768809826,NA,NA,415759,4.7790493261957675e-4,NA,NA
2021-03-30,72.56899870343804,124772.93883340966,203.5230532970414,NA,NA,415759,4.895217019885111e-4,NA,NA
2021-03-31,72.58917419642843,124981.52722397883,208.5883905691709,NA,NA,415759,5.017050516505257e-4,NA,NA
2021-04-01,72.61687066916082,125195.38744471526,213.86022073643724,NA,NA,415759,5.1438506619565e-4,NA,NA
2021-04-02,72.65829407417502,125414.69057958847,219.303134873208,NA,NA,415759,5.274765786746842e-4,NA,NA
2021-04-03,72.71026199640119,125639.56683679235,224.8762572038845,NA,NA,415759,5.408812730545448e-4,NA,NA
2021-04-04,72.76304900674342,125870.0997459388,230.53290914644816,NA,NA,415759,5.54486876162508e-4,NA,NA
2021-04-05,72.8204443361993,126106.31998386912,236.2202379303191,NA,NA,415759,5.681662644231853e-4,NA,NA
2021-04-06,72.87989906901964,126348.19894588426,241.87896201513033,NA,NA,415759,5.817768515296851e-4,NA,NA
2021-04-07,72.91685070087784,126595.64343715418,247.4444912699202,NA,NA,415759,5.951632827429357e-4,NA,NA
2021-04-08,72.91927373816608,126848.49296825385,252.84953109966204,NA,NA,415759,6.081636984398703e-4,NA,NA
2021-04-09,72.89539911362861,127106.5179363103,258.02496805644444,NA,NA,415759,6.206118642204845e-4,NA,NA
2021-04-10,72.84150216487174,127369.41859793071,262.9006616204125,NA,NA,415759,6.323390753306904e-4,NA,NA
2021-04-11,72.75312867858199,127636.82497561333,267.4063776826265,NA,NA,415759,6.431764019122292e-4,NA,NA
2021-04-12,72.64766054230981,127908.29802651203,271.4730508986922,NA,NA,415759,6.529577252655798e-4,NA,NA
2021-04-13,72.53829957268599,128183.33249906814,275.0344725561221,NA,NA,415759,6.615237975753312e-4,NA,NA
2021-04-14,72.41160191087843,128461.36112507683,278.02862600868724,NA,NA,415759,6.687254539497335e-4,NA,NA
2021-04-15,72.24800589686981,128741.76007576608,280.3989506892536,NA,NA,415759,6.744266526743945e-4,NA,NA
2021-04-16,72.03780761155022,129023.85564084163,282.09556507554885,NA,NA,415759,6.785074167379391e-4,NA,NA
2021-04-17,71.77787215446645,129306.9319146239,283.0762737822598,NA,NA,415759,6.808662561297767e-4,NA,NA
2021-04-18,71.4743044974087,129590.23906210206,283.30714747815495,NA,NA,415759,6.814215626797133e-4,NA,NA
2021-04-19,71.15726330539465,129873.00234149447,282.76327939241287,NA,NA,415759,6.80113429636912e-4,NA,NA
2021-04-20,70.85054569619132,130154.43178858238,281.4294470879143,NA,NA,415759,6.769052433932021e-4,NA,NA
2021-04-21,70.55831559586002,130433.73235426376,279.30056568137445,NA,NA,415759,6.717847735860786e-4,NA,NA
2021-04-22,70.25771889769031,130710.11445497384,276.3821007100815,NA,NA,415759,6.647651661421196e-4,NA,NA
2021-04-23,69.91311742210593,130982.80530759552,272.69085262169364,NA,NA,415759,6.558868301628916e-4,NA,NA
2021-04-24,69.50326495748632,131251.06013173136,268.2548241358209,NA,NA,415759,6.45217118897777e-4,NA,NA
2021-04-25,69.0280606739647,131514.17270001644,263.1125682850748,NA,NA,415759,6.328487616265067e-4,NA,NA
2021-04-26,68.47278579802523,131771.4849704127,257.31227039626657,NA,NA,415759,6.188976556040076e-4,NA,NA
2021-04-27,67.82099624902668,132022.39567343215,250.91070301943242,NA,NA,415759,6.035003524143372e-4,NA,NA
2021-04-28,67.06925566429558,132266.368143793,243.97247036084076,NA,NA,415759,5.868122406510521e-4,NA,NA
2021-04-29,66.20173125299215,132502.93677295852,236.5686291655309,NA,NA,415759,5.690042288093123e-4,NA,NA
2021-04-30,65.2076315276295,132731.71173495692,228.77496199839382,NA,NA,415759,5.502585921132046e-4,NA,NA
2021-05-01,64.09138434954073,132952.3819415625,220.67020660558006,NA,NA,415759,5.307647137057287e-4,NA,NA
2021-05-02,62.86027123015147,133164.71621079172,212.3342692292364,NA,NA,415759,5.107147872426969e-4,NA,NA
2021-05-03,61.52245014825653,133368.5624932752,203.84628248348184,NA,NA,415759,4.902991456191732e-4,NA,NA
2021-05-04,60.081510239159854,133563.84550384624,195.28301057101635,NA,NA,415759,4.697024251333497e-4,NA,NA
2021-05-05,58.53055715323788,133750.5630919572,186.71758811095827,NA,NA,415759,4.49100532065351e-4,NA,NA
2021-05-06,56.86994245044526,133928.78155892182,178.21846696461373,NA,NA,415759,4.286581095408968e-4,NA,NA
2021-05-07,55.08932959983271,134098.63009355328,169.84853463144455,NA,NA,415759,4.0852641706239567e-4,NA,NA
2021-05-08,53.187828489982415,134260.29407466616,161.66398111288433,NA,NA,415759,3.888406050449523e-4,NA,NA
2021-05-09,51.18488562405705,134414.00782964478,153.71375497862323,NA,NA,415759,3.6971840652547084e-4,NA,NA
2021-05-10,49.10782655407042,134560.04744812145,146.03961847667014,NA,NA,415759,3.512602697155567e-4,NA,NA
2021-05-11,46.98403616240512,134698.72382708857,138.67637896713546,NA,NA,415759,3.3354991465521e-4,NA,NA
2021-05-12,44.83228534140376,134830.37602048245,131.65219339387056,NA,NA,415759,3.166550655400618e-4,NA,NA
2021-05-13,42.66597942590076,134955.3640470276,124.9880265451435,NA,NA,415759,3.006261477085126e-4,NA,NA
2021-05-14,40.50047298399525,135074.06176562997,118.69771860237827,NA,NA,415759,2.854964501126332e-4,NA,NA
2021-05-15,38.35487806613247,135186.85080006294,112.78903443297132,NA,NA,415759,2.712846491187715e-4,NA,NA
2021-05-16,36.25167932627357,135294.11548950043,107.26468943748712,NA,NA,415759,2.5799727591582414e-4,NA,NA
2021-05-17,34.21212477155895,135396.23875633226,102.1232668318282,NA,NA,415759,2.456309227986122e-4,NA,NA
2021-05-18,32.252015399069606,135493.59794340684,97.35918707457749,NA,NA,415759,2.341721696333152e-4,NA,NA
2021-05-19,30.380027661169223,135586.56076616686,92.96282276001989,NA,NA,415759,2.2359786020271333e-4,NA,NA
2021-05-20,28.601937520058897,135675.48229206886,88.9215259020081,NA,NA,415759,2.1387757306999512e-4,NA,NA
2021-05-21,26.923094704619135,135760.70281350787,85.22052143902233,NA,NA,415759,2.0497577067248656e-4,NA,NA
2021-05-22,25.349107522291632,135842.54644512435,81.84363161647823,NA,NA,415759,1.9685354163464467e-4,NA,NA
2021-05-23,23.884467365536125,135921.3202315493,78.77378642495955,NA,NA,415759,1.894698284942949e-4,NA,NA
2021-05-24,22.532287009517333,135997.31362809052,75.99339654121668,NA,NA,415759,1.8278232471507936e-4,NA,NA
2021-05-25,21.293546958160846,136070.79832877743,73.4847006869082,NA,NA,415759,1.7674831016744846e-4,NA,NA
2021-05-26,20.163485764263022,136142.0283436267,71.23001484927626,NA,NA,415759,1.7132525056409183e-4,NA,NA
2021-05-27,19.137165997764857,136211.24024286433,69.21189923760751,NA,NA,415759,1.6647119903022547e-4,NA,NA
2021-05-28,18.212699975165986,136278.65394693814,67.41370407380553,NA,NA,415759,1.6214610886067539e-4,NA,NA
2021-05-29,17.38784515931078,136344.47424511274,65.82029817459382,NA,NA,415759,1.5831358593462513e-4,NA,NA
2021-05-30,16.660036396609293,136408.89224471073,64.41799959800093,NA,NA,415759,1.5494072190379746e-4,NA,NA
2021-05-31,16.026526774554906,136472.08667834275,63.194433632012014,NA,NA,415759,1.519977526211387e-4,NA,NA
2021-06-01,15.483790023604456,136534.22507814964,62.13839980688824,NA,NA,415759,1.4945773827358696e-4,NA,NA
2021-06-02,15.02804481871509,136595.46498393625,61.239905786601796,NA,NA,415759,1.4729664489909248e-4,NA,NA
2021-06-03,14.654525358872473,136655.95536921168,60.49038527543238,NA,NA,415759,1.4549386850418723e-4,NA,NA
2021-06-04,14.35847030922292,136715.83797685907,59.88260764737881,NA,NA,415759,1.4403201770106915e-4,NA,NA
2021-06-05,14.137190608123326,136775.24853807577,59.41056121670379,NA,NA,415759,1.4289663294529714e-4,NA,NA
2021-06-06,13.988288341703646,136834.3178944879,59.06935641212815,NA,NA,415759,1.4207595364653115e-4,NA,NA
2021-06-07,13.9070111473115,136893.1729424001,58.85504791218667,NA,NA,415759,1.415604903614514e-4,NA,NA
2021-06-08,13.88801795150521,136951.93723006008,58.76428765999733,NA,NA,415759,1.4134219021114957e-4,NA,NA
2021-06-09,13.926620106530223,137010.7314520959,58.79422203581649,NA,NA,415759,1.4141418955648943e-4,NA,NA
2021-06-10,14.018377843273132,137069.6738930638,58.942440967875974,NA,NA,415759,1.4177069159747828e-4,NA,NA
2021-06-11,14.158803409225168,137128.88081948928,59.20692642546833,NA,NA,415759,1.4240684248679724e-4,NA,NA
2021-06-12,14.34486305847903,137188.46691057397,59.58609108470794,NA,NA,415759,1.4331882433022e-4,NA,NA
2021-06-13,14.575799710665997,137248.5459908188,60.079080244822876,NA,NA,415759,1.4450458136762613e-4,NA,NA
2021-06-14,14.85115977089506,137309.23181464654,60.68582382776019,NA,NA,415759,1.459639450445094e-4,NA,NA
2021-06-15,15.169423619672273,137370.6388318921,61.40701724557633,NA,NA,415759,1.4769858799346816e-4,NA,NA
2021-06-16,15.52663277485901,137432.88294495668,62.24411306458431,NA,NA,415759,1.4971200398448216e-4,NA,NA
2021-06-17,15.917663212862362,137496.08243290655,63.199487949863745,NA,NA,415759,1.5200990946645472e-4,NA,NA
2021-06-18,16.34006142095936,137560.3597577312,64.27732482466301,NA,NA,415759,1.5460236537191742e-4,NA,NA
2021-06-19,16.793562227643307,137625.84376947593,65.48401174473085,NA,NA,415759,1.5750473650535731e-4,NA,NA
2021-06-20,17.275460320088424,137692.67210380093,66.82833432498174,NA,NA,415759,1.6073815437544765e-4,NA,NA
2021-06-21,17.784099306392523,137760.99382868,68.32172487904721,NA,NA,415759,1.643301164353561e-4,NA,NA
2021-06-22,18.315495142788418,137830.97239670326,69.97856802327809,NA,NA,415759,1.683152211335848e-4,NA,NA
2021-06-23,18.86757614428453,137902.7889227693,71.8165260660447,NA,NA,415759,1.7273595055319237e-4,NA,NA
2021-06-24,19.442204034274113,137976.64591118234,73.856988413014,NA,NA,415759,1.776437513391508e-4,NA,NA
2021-06-25,20.04027225275067,138052.7715710191,76.12565983678915,NA,NA,415759,1.831004496277631e-4,NA,NA
2021-06-26,20.65720310941153,138131.42486083327,78.65328981415341,NA,NA,415759,1.891800052774646e-4,NA,NA
2021-06-27,21.29018262759434,138212.90128117346,81.47642034019115,NA,NA,415759,1.9597031054094117e-4,NA,NA
2021-06-28,21.945339335137238,138297.53822294646,84.63694177300847,NA,NA,415759,2.0357212176527382e-4,NA,NA
2021-06-29,22.632913896392985,138385.72048508623,88.18226213976403,NA,NA,415759,2.1209946661350455e-4,NA,NA
2021-06-30,23.360836991681982,138477.88685904272,92.1663739564838,NA,NA,415759,2.2168221002187276e-4,NA,NA
2021-07-01,24.13593506117623,138574.53799216196,96.65113311923545,NA,NA,415759,2.3246913023947877e-4,NA,NA
2021-07-02,24.966240893440975,138676.24561312204,101.70762096008471,NA,NA,415759,2.4463119489917165e-4,NA,NA
2021-07-03,25.858912424155413,138783.66125167152,107.41563854949925,NA,NA,415759,2.583603446936789e-4,NA,NA
2021-07-04,26.8243464583165,138897.52468688815,113.86343521661297,NA,NA,415759,2.7386884040180243e-4,NA,NA
2021-07-05,27.87793275667194,139018.67340094422,121.14871405606934,NA,NA,415759,2.9139168137326993e-4,NA,NA
2021-07-06,29.036359751255848,139148.05300104813,129.37960010390995,NA,NA,415759,3.111889342236968e-4,NA,NA
2021-07-07,30.316107607859358,139286.72842265267,138.6754216045299,NA,NA,415759,3.335476119687846e-4,NA,NA
2021-07-08,31.73468219769013,139435.89470542566,149.16628277298994,NA,NA,415759,3.5878064641532703e-4,NA,NA
2021-07-09,33.31173280316658,139596.88658890457,160.9918834789175,NA,NA,415759,3.8722404921821894e-4,NA,NA
2021-07-10,35.06417679863944,139771.18676582744,174.30017692287328,NA,NA,415759,4.192336832705324e-4,NA,NA
2021-07-11,37.01622044068406,139960.43170797685,189.2449421494022,NA,NA,415759,0.00045517942401584137,NA,NA
2021-07-12,39.201593224821714,140166.4136868372,205.98197886033822,NA,NA,415759,4.954360070625968e-4,NA,NA
2021-07-13,41.65426665379896,140391.07989601622,224.66620917904217,NA,NA,415759,5.403760572327771e-4,NA,NA
2021-07-14,44.40715056516022,140636.5284529913,245.44855697507305,NA,NA,415759,5.903625825900895e-4,NA,NA
2021-07-15,47.49392839981252,140904.99726195022,268.46880895892207,NA,NA,415759,6.457318036625114e-4,NA,NA
2021-07-16,50.95092277797393,141198.8434302968,293.8461683465802,NA,NA,415759,7.067704327424787e-4,NA,NA
2021-07-17,54.81478313939431,141520.5109375961,321.6675072992726,NA,NA,415759,7.736874181900394e-4,NA,NA
2021-07-18,59.124554408426405,141872.49097405557,351.98003645947045,NA,NA,415759,8.465963129107739e-4,NA,NA
2021-07-19,63.92113036958121,142257.2801908199,384.7892167643194,NA,NA,415759,9.255102517668155e-4,NA,NA
2021-07-20,69.24117429390532,142677.33003692998,420.049846110066,NA,NA,415759,0.001010320512869393,NA,NA
2021-07-21,75.11244340175332,143134.98651854086,457.65648161088643,NA,NA,415759,0.0011007734808167386,NA,NA
2021-07-22,81.5575835038984,143632.4209371394,497.43441859854386,NA,NA,415759,0.0011964489490270658,NA,NA
2021-07-23,88.59430644673223,144171.5597945423,539.1388574028931,NA,NA,415759,0.0012967581156460668,NA,NA
2021-07-24,96.21618474208208,144754.0263173524,582.4665228101184,NA,NA,415759,0.0014009715311276926,NA,NA
2021-07-25,104.41469479161954,145381.0889647131,627.0626473606964,NA,NA,415759,0.0015082358947387702,NA,NA
2021-07-26,113.18546181507547,146053.61927258212,672.5303078690216,NA,NA,415759,0.0016175965111254876,NA,NA
2021-07-27,122.50599453514678,146772.06249897732,718.4432263952169,NA,NA,415759,0.001728028079717377,NA,NA
2021-07-28,132.3270930636388,147536.42443098308,764.3619320057693,NA,NA,415759,0.0018384735676335792,NA,NA
2021-07-29,142.5733379148029,148346.27735761894,809.852926635847,NA,NA,415759,0.0019478903081733576,NA,NA
2021-07-30,153.16420758274276,149200.78636056674,854.509002947798,NA,NA,415759,0.0020552988701334138,NA,NA
2021-07-31,163.9805467897795,150098.75640511443,897.970044547694,NA,NA,415759,0.0021598330873118655,NA,NA
2021-08-01,174.9082469868242,151038.6997646973,939.9433595828632,NA,NA,415759,0.0022607889656817127,NA,NA
2021-08-02,185.86129916107123,152018.91454135653,980.2147766592441,NA,NA,415759,0.002357651371730363,NA,NA
2021-08-03,196.7414847992031,153037.55113714962,1018.6365957930888,NA,NA,415759,0.002450065051611844,NA,NA
2021-08-04,207.41835768520218,154092.68065105774,1055.1295139081253,NA,NA,415759,0.0025378392624287754,NA,NA
2021-08-05,217.76250439662567,155182.36826169922,1089.6876106414575,NA,NA,415759,0.0026209597642900275,NA,NA
2021-08-06,227.6656560172814,156304.74991550826,1122.3816538090518,NA,NA,415759,0.00269959677074712,NA,NA
2021-08-07,236.99351427949486,157458.102090301,1153.3521747927161,NA,NA,415759,0.0027740882934409504,NA,NA
2021-08-08,245.64592277707035,158640.87108608978,1182.7689957887835,NA,NA,415759,0.002844842795438664,NA,NA
2021-08-09,253.58631998460865,159851.68504941254,1210.8139633227659,NA,NA,415759,0.0029122976611997958,NA,NA
2021-08-10,260.7920139353372,161089.35924639116,1237.67419697861,NA,NA,415759,0.002976902958152704,NA,NA
2021-08-11,267.251985520512,162352.89519296205,1263.5359465708916,NA,NA,415759,0.003039106661722035,NA,NA
2021-08-12,272.95692685960904,163641.47063966925,1288.5754467071854,NA,NA,415759,0.003099332658360217,NA,NA
2021-08-13,277.9224983323085,164954.40228888043,1312.9316492111855,NA,NA,415759,0.003157915160492462,NA,NA
2021-08-14,282.1852587052517,166291.0935073715,1336.6912184910582,NA,NA,415759,0.0032150626167829397,NA,NA
2021-08-15,285.8253483761561,167650.97516893686,1359.881661565351,NA,NA,415759,0.00327084118820122,NA,NA
2021-08-16,288.95012768953245,169033.4401854637,1382.4650165268297,NA,NA,415759,0.003325159567265723,NA,NA
2021-08-17,291.65322514120635,170437.7733824574,1404.3331969937071,NA,NA,415759,0.003377757780333576,NA,NA
2021-08-18,294.0101134276487,171863.08557715596,1425.3121946985555,NA,NA,415759,0.0034282172958337775,NA,NA
2021-08-19,296.0902602782973,173308.24857927026,1445.1630021143076,NA,NA,415759,0.003475963243403769,NA,NA
2021-08-20,297.9643465338006,174771.82787119513,1463.579291924862,NA,NA,415759,0.0035202588324603004,NA,NA
2021-08-21,299.69582919877143,176252.01425217782,1480.1863809826837,NA,NA,415759,0.0035602028602692514,NA,NA
2021-08-22,301.356379692848,177746.5587253885,1494.544473210679,NA,NA,415759,0.0035947375119015556,NA,NA
2021-08-23,303.02497058124163,179252.7389216983,1506.1801963098108,NA,NA,415759,0.0036227242135703874,NA,NA
2021-08-24,304.75855059146346,180767.35014658712,1514.6112248888198,NA,NA,415759,0.0036430028571571987,NA,NA
2021-08-25,306.58213708569554,182286.70587501355,1519.355728426416,NA,NA,415759,0.0036544145248242755,NA,NA
2021-08-26,308.50704031936414,183806.64904626377,1519.9431712502264,NA,NA,415759,0.003655827465551501,NA,NA
2021-08-27,310.54640361646557,185322.57754746015,1515.9285011963696,NA,NA,415759,0.0036461712222618623,NA,NA
2021-08-28,312.6871949135237,186829.51392621762,1506.9363787574753,NA,NA,415759,0.0036245430135185895,NA,NA
2021-08-29,314.9271028946434,188322.21245920187,1492.69853298423,NA,NA,415759,0.0035902975834178697,NA,NA
2021-08-30,317.29376476483566,189795.2764187327,1473.0639595308335,NA,NA,415759,0.003543071730331354,NA,NA
2021-08-31,319.7858992856847,191243.28119708432,1448.0047783515968,NA,NA,415759,0.0034827983960698306,NA,NA
2021-09-01,322.34397800941207,192660.8999465763,1417.6187494919811,NA,NA,415759,0.0034097127169633876,NA,NA
2021-09-02,324.869964158464,194043.04685195026,1382.1469053739481,NA,NA,415759,0.003324394433731917,NA,NA
2021-09-03,327.2540693508657,195385.0306246947,1341.983772744438,NA,NA,415759,0.0032277924777201167,NA,NA
2021-09-04,329.343216974303,196682.6896608055,1297.6590361108333,NA,NA,415759,0.0031211808670668184,NA,NA
2021-09-05,330.9961313231272,197932.50252010443,1249.8128592989174,NA,NA,415759,0.0030060993491395674,NA,NA
2021-09-06,332.11967334686625,199131.66992101003,1199.1674009055996,NA,NA,415759,0.0028842848883742734,NA,NA
2021-09-07,332.5941055336915,200278.16216100534,1146.4922399953182,NA,NA,415759,0.002757588506791959,NA,NA
2021-09-08,332.280687454694,201370.73186587112,1092.5697048657785,NA,NA,415759,0.0026278918913740373,NA,NA
2021-09-09,331.0665828666337,202408.90054193183,1038.1686760607035,NA,NA,415759,0.0024970443840318635,NA,NA
2021-09-10,328.8189494319103,203392.92271383322,984.0221719013878,NA,NA,415759,0.0023668090694401994,NA,NA
2021-09-11,325.47989440970457,204323.7317164336,930.8090026003721,NA,NA,415759,0.002238818648785407,NA,NA
2021-09-12,321.02222084709547,205202.8562194504,879.1245030167946,NA,NA,415759,0.0021145050450304013,NA,NA
2021-09-13,315.46681393910103,206032.30705001386,829.4508305634708,NA,NA,415759,0.001995027962265329,NA,NA
2021-09-14,308.89967795762215,206814.46966166992,782.1626116560534,NA,NA,415759,0.0018812884667705411,NA,NA
2021-09-15,301.4033843697344,207552.00776651982,737.5381048499053,NA,NA,415759,0.0017739558370351701,NA,NA
2021-09-16,293.04892561806724,208247.7794160724,695.7716495525607,NA,NA,415759,0.001673497505892983,NA,NA
2021-09-17,283.9391218637876,208904.75878741505,656.9793713426579,NA,NA,415759,0.0015801927831812612,NA,NA
2021-09-18,274.2161577760829,209525.9573929036,621.19860548854,NA,NA,415759,0.001494131469164925,NA,NA
2021-09-19,264.00929555079347,210114.36126430592,588.4038714023288,NA,NA,415759,0.001415252276925644,NA,NA
2021-09-20,253.45930612003085,210672.88419874822,558.522934442306,NA,NA,415759,0.0013433814648445518,NA,NA
2021-09-21,242.72795205409338,211204.3344551716,531.4502564233879,NA,NA,415759,0.0012782651883023288,NA,NA
2021-09-22,231.93956334788743,211711.3919761028,507.05752093121896,NA,NA,415759,0.0012195948155811875,NA,NA
2021-09-23,221.1827611299732,212196.5931631558,485.2011870529976,NA,NA,415759,0.001167025096397186,NA,NA
2021-09-24,210.55255659808057,212662.32240038516,465.72923722935684,NA,NA,415759,0.0011201903921006083,NA,NA
2021-09-25,200.14114415764215,213110.8087282543,448.48632786915687,NA,NA,415759,0.0010787170641384958,NA,NA
2021-09-26,190.0330796351265,213544.12609061753,433.3173623632144,NA,NA,415759,0.0010422320680086646,NA,NA
2021-09-27,180.32253284790025,213964.196783147,420.0706925294791,NA,NA,415759,0.0010103706535023393,NA,NA
2021-09-28,171.08944982176382,214372.79953573144,408.6027525844413,NA,NA,415759,9.827875105155662e-4,NA,NA
2021-09-29,162.37263429789684,214771.57825038253,398.7787146510856,NA,NA,415759,9.591583457028846e-4,NA,NA
2021-09-30,154.1830159954045,215162.04998426588,390.47173388334613,NA,NA,415759,9.391780668207932e-4,NA,NA
2021-10-01,146.51990021486932,215545.61184815748,383.5618638916141,NA,NA,415759,9.225581740662598e-4,NA,NA
2021-10-02,139.3745157297743,215923.54724801015,377.935399852652,NA,NA,415759,9.090251800986918e-4,NA,NA
2021-10-03,132.72651167809065,216297.03409359395,373.48684558380853,NA,NA,415759,8.983253413246821e-4,NA,NA
2021-10-04,126.55016545695757,216667.15224858667,370.1181549927159,NA,NA,415759,8.902228334028029e-4,NA,NA
2021-10-05,120.82190566086646,217034.88906127945,367.7368126927708,NA,NA,415759,8.84495134664002e-4,NA,NA
2021-10-06,115.51567208348985,217401.14304097302,366.2539796935779,NA,NA,415759,8.809285660528766e-4,NA,NA
2021-10-07,110.60029789418556,217766.7260886491,365.5830476760889,NA,NA,415759,8.793148138130236e-4,NA,NA
2021-10-08,106.04031099539647,218132.36645069416,365.6403620450644,NA,NA,415759,8.79452668601436e-4,NA,NA
2021-10-09,101.80063298618981,218498.71107836106,366.34462766691183,NA,NA,415759,8.811465961456321e-4,NA,NA
2021-10-10,97.84984379332569,218866.3264891245,367.6154107634618,NA,NA,415759,8.842031339392816e-4,NA,NA
2021-10-11,94.15924625425288,219235.6982760143,369.37178688978497,NA,NA,415759,8.884276393049458e-4,NA,NA
2021-10-12,90.70178181024562,219607.2296017309,371.5313257166085,NA,NA,415759,8.936218475525689e-4,NA,NA
2021-10-13,87.45056173879574,219981.24047974352,374.01087801259325,NA,NA,415759,8.995857648603957e-4,NA,NA
2021-10-14,84.36905037117302,220357.96727114322,376.72679139970825,NA,NA,415759,9.061181872183362e-4,NA,NA
2021-10-15,81.42998243385057,220737.56160964246,379.59433849922823,NA,NA,415759,9.130153249820888e-4,NA,NA
2021-10-16,78.6230013802695,221120.08894496888,382.527335326414,NA,NA,415759,9.200698850209232e-4,NA,NA
2021-10-17,75.93765608840945,221505.5270438098,385.43809884090933,NA,NA,415759,9.27070968616216e-4,NA,NA
2021-10-18,73.36411358058137,221893.76639545013,388.23935164033827,NA,NA,415759,9.338086527058663e-4,NA,NA
2021-10-19,70.8968808921863,222284.61227494845,390.8458794983101,NA,NA,415759,9.400779766603011e-4,NA,NA
2021-10-20,68.52980522188881,222677.78735741,393.17508246157036,NA,NA,415759,9.456802678031512e-4,NA,NA
2021-10-21,66.2568392754475,223072.9350007954,395.1476433853887,NA,NA,415759,9.504247493990237e-4,NA,NA
2021-10-22,64.07375605663003,223469.62336957772,396.6883687823156,NA,NA,415759,9.541305630962062e-4,NA,NA
2021-10-23,61.978889618545,223867.35155943938,397.7281898616592,NA,NA,415759,9.566315819060061e-4,NA,NA
2021-10-24,59.972276953608,224265.55769314658,398.2061337071883,NA,NA,415759,9.577811513573688e-4,NA,NA
2021-10-25,58.05514833257841,224663.6279564467,398.0702633001333,NA,NA,415759,9.574543504774e-4,NA,NA
2021-10-26,56.229497464926936,225060.90644611412,397.27848966741624,NA,NA,415759,9.555499452024279e-4,NA,NA
2021-10-27,54.49537559194245,225456.7056850435,395.79923892939337,NA,NA,415759,9.519919927876327e-4,NA,NA
2021-10-28,52.852926194012745,225850.3172576646,393.6115726210848,NA,NA,415759,9.467301312084279e-4,NA,NA
2021-10-29,51.30495558348906,226241.02230841928,390.70505075468606,NA,NA,415759,9.397392497929956e-4,NA,NA
2021-10-30,49.855084798170104,226628.1021426918,387.079834272504,NA,NA,415759,9.310197356461412e-4,NA,NA
2021-10-31,48.50605058958952,227010.84874481862,382.746602126842,NA,NA,415759,9.205972742065523e-4,NA,NA
2021-11-01,47.25879339821393,227388.57499262193,377.7262478033187,NA,NA,415759,9.085221193126757e-4,NA,NA
2021-11-02,46.1156032616299,227760.62412178938,372.0491291674601,NA,NA,415759,8.948672889040527e-4,NA,NA
2021-11-03,45.07997041591988,228126.37814223947,365.7540204500801,NA,NA,415759,8.797260442950846e-4,NA,NA
2021-11-04,44.154548298576344,228485.26540151497,358.8872592755078,NA,NA,415759,8.632098385735673e-4,NA,NA
2021-11-05,43.34198728278095,228836.7671933056,351.50179179063537,NA,NA,415759,8.454460199072909e-4,NA,NA
2021-11-06,42.64478259778147,229180.42330922422,343.65611591862506,NA,NA,415759,8.265752898160354e-4,NA,NA
2021-11-07,42.06239458111479,229515.83673751802,335.4134282938166,NA,NA,415759,8.067496513456512e-4,NA,NA
2021-11-08,41.591399965005586,229842.67769517013,326.8409576520946,NA,NA,415759,7.861308057121904e-4,NA,NA
2021-11-09,41.226738337113886,230160.68644320007,318.0087480299321,NA,NA,415759,7.64887225604093e-4,NA,NA
2021-11-10,40.96050094719562,230469.67484173932,308.9883985392402,NA,NA,415759,7.431911240387826e-4,NA,NA
2021-11-11,40.7822418787661,230769.52670745132,299.8518657119987,NA,NA,415759,7.212155737145767e-4,NA,NA
2021-11-12,40.68212057614457,231060.1967548176,290.6700473662505,NA,NA,415759,6.991311008691345e-4,NA,NA
2021-11-13,40.65013269007587,231341.70781894593,281.5110641283356,NA,NA,415759,6.771015519287269e-4,NA,NA
2021-11-14,40.676375790424316,231614.14730586487,272.4394869189453,NA,NA,415759,6.552822354271232e-4,NA,NA
2021-11-15,40.752932138343056,231877.66316850286,263.5158626379844,NA,NA,415759,6.338187811640504e-4,NA,NA
2021-11-16,40.873574728385776,232132.45956516254,254.7963966596892,NA,NA,415759,6.128463765298868e-4,NA,NA
2021-11-17,41.03184961409282,232378.79221509182,246.3326499292699,NA,NA,415759,5.924890379505192e-4,NA,NA
2021-11-18,41.22123518706698,232616.96329914744,238.17108405562092,NA,NA,415759,5.728585167263269e-4,NA,NA
2021-11-19,41.435807076916824,232847.31648876893,230.35318962148597,NA,NA,415759,5.540546076488686e-4,NA,NA
2021-11-20,41.67037940610109,233070.2323323493,222.9158435803537,NA,NA,415759,5.361660086260399e-4,NA,NA
2021-11-21,41.91934876322728,233286.12410096635,215.89176861705434,NA,NA,415759,5.19271425554358e-4,NA,NA
2021-11-22,42.178616473069546,233495.43465008656,209.31054912022103,NA,NA,415759,5.034420159761328e-4,NA,NA
2021-11-23,42.4463757037611,233698.6359113077,203.2012612211273,NA,NA,415759,4.88747714952959e-4,NA,NA
2021-11-24,42.720679940241595,233896.229322489,197.59341118130627,NA,NA,415759,0.00047525949211275345,NA,NA
2021-11-25,42.99996469062167,234088.74671571955,192.5173932305426,NA,NA,415759,4.630504528598121e-4,NA,NA
2021-11-26,43.28364814641773,234276.75186666212,188.00515094256193,NA,NA,415759,4.521974291417911e-4,NA,NA
2021-11-27,43.57168385362944,234460.84305231675,184.09118565463405,NA,NA,415759,4.4278340494044395e-4,NA,NA
2021-11-28,43.86493596134753,234641.6574725908,180.8144202740425,NA,NA,415759,4.3490199917269983e-4,NA,NA
2021-11-29,44.16304535971207,234819.8773286411,178.21985605031168,NA,NA,415759,4.2866145062478905e-4,NA,NA
2021-11-30,44.47265585702178,234996.23768407505,176.3603554339623,NA,NA,415759,4.241889061546769e-4,NA,NA
2021-12-01,44.80708390930158,235171.53663540437,175.29895132931634,NA,NA,415759,4.216359749982955e-4,NA,NA
2021-12-02,45.18168227496506,235346.64800771105,175.1113723066863,NA,NA,415759,4.2118480250983453e-4,NA,NA
2021-12-03,45.61344647817044,235522.5341357486,175.88612803754947,NA,NA,415759,4.23048275653803e-4,NA,NA
2021-12-04,46.12295410091559,235700.26148326328,177.72734751467746,NA,NA,415759,4.274768496044041e-4,NA,NA
2021-12-05,46.73379791519173,235881.02184820274,180.760364939464,NA,NA,415759,4.3477198314279187e-4,NA,NA
2021-12-06,47.47403915264171,236066.1603845859,185.13853638315604,NA,NA,415759,4.453025343604252e-4,NA,NA
2021-12-07,48.375725657737775,236257.21161698265,191.05123239673958,NA,NA,415759,4.595239848006648e-4,NA,NA
2021-12-08,49.47356121014617,236455.94027292175,198.7286559390966,NA,NA,415759,4.779900277302394e-4,NA,NA
2021-12-09,50.80781298060808,236664.3904252491,208.45015232732598,NA,NA,415759,5.013725555606156e-4,NA,NA
2021-12-10,52.42650241439825,236884.94869685717,220.558271608088,NA,NA,415759,5.304954832200578e-4,NA,NA
2021-12-11,54.38679079790422,237120.4248558114,235.4761589542424,NA,NA,415759,5.663765762238277e-4,NA,NA
2021-12-12,56.758133596881386,237374.15389322658,253.7290374151743,NA,NA,415759,6.102791218354246e-4,NA,NA
2021-12-13,59.62431184071267,237650.1217296423,275.96783641571267,NA,NA,415759,6.63768761267255e-4,NA,NA
2021-12-14,63.08539992172007,237953.12028139655,302.99855175424653,NA,NA,415759,7.287841075099915e-4,NA,NA
2021-12-15,67.26418433347042,238288.94125617552,335.8209747789575,NA,NA,415759,8.07729898279911e-4,NA,NA
2021-12-16,72.31111578046668,238664.61750774263,375.6762515671166,NA,NA,415759,9.035913872390413e-4,NA,NA
2021-12-17,78.41061017399682,239088.7224610542,424.10495331155687,NA,NA,415759,0.0010200740171867762,NA,NA
2021-12-18,85.79074777032493,239571.7449258985,483.022464844297,NA,NA,415759,0.0011617847475203112,NA,NA
2021-12-19,94.73443366304373,240126.5574855952,554.8125596967051,NA,NA,415759,0.0013344571246724788,NA,NA
2021-12-20,105.59593564223958,240768.99289009697,642.4354045017541,NA,NA,415759,0.0015452110585742079,NA,NA
2021-12-21,118.81441000738556,241518.54695007225,749.5540599752842,NA,NA,415759,0.001802857087820791,NA,NA
2021-12-22,134.92507334265565,242399.22585540643,880.6789053341712,NA,NA,415759,0.002118243754997898,NA,NA
2021-12-23,154.57663057904185,243440.57581704741,1041.3499616409936,NA,NA,415759,0.0025046961380054155,NA,NA
2021-12-24,178.55658750638364,244678.93600111504,1238.3601840676156,NA,NA,415759,0.002978552921446356,NA,NA
2021-12-25,207.8230239281309,246158.91231334684,1479.976312231806,NA,NA,415759,0.0035596975945964035,NA,NA
2021-12-26,243.5373277332163,247935.06407124965,1776.1517579028164,NA,NA,415759,0.0042720704973381604,NA,NA
2021-12-27,287.09991011987773,250073.75988556014,2138.6958143104957,NA,NA,415759,0.005144075809087706,NA,NA
2021-12-28,340.18266927288647,252655.12129199482,2581.3614064346853,NA,NA,415759,0.006208792609263263,NA,NA
2021-12-29,404.75837403358616,255774.8980963656,3119.7768043707633,NA,NA,415759,0.0075038106315696435,NA,NA
2021-12-30,483.10910502848105,259545.92072292016,3771.0226265545566,NA,NA,415759,0.009070212855415172,NA,NA
2021-12-31,577.795709078069,264098.560781998,4552.640059077838,NA,NA,415759,0.01095019003576071,NA,NA
2022-01-01,691.5812170832296,269579.30387047795,5480.743088479952,NA,NA,415759,0.01318250017072379,NA,NA
2022-01-02,827.271292818986,276146.1674583352,6566.863587857277,NA,NA,415759,0.015794880177836864,NA,NA
2022-01-03,987.4111398673176,283959.2783002,7813.110841864768,NA,NA,415759,0.01879240339202463,NA,NA
2022-01-04,1173.7925617991782,293164.223685692,9204.945385492012,NA,NA,415759,0.022140098916660883,NA,NA
2022-01-05,1386.704821324209,303865.51737112255,10701.293685430517,NA,NA,415759,0.025739175063992644,NA,NA
2022-01-06,1623.8572946688182,316087.9163401565,12222.398969033977,NA,NA,415759,0.029397797688165445,NA,NA
2022-01-07,1879.012681015227,329725.71289233246,13637.796552175952,NA,NA,415759,0.03280216796792361,NA,NA
2022-01-08,2140.5169141516662,344485.5257155497,14759.812823217238,NA,NA,415759,0.03550088590557808,NA,NA
2022-01-09,2390.1049508258643,359834.2848727897,15348.759157239961,NA,NA,415759,0.03691744293506565,NA,NA
2022-01-10,2602.6503429986933,374976.01958132425,15141.734708534554,NA,NA,415759,0.03641949953827711,NA,NA
2022-01-11,2747.9141149109955,388893.6695760524,13917.649994728168,NA,NA,415759,0.03347528254283892,NA,NA
